# ************************************************************
# Sequel Pro SQL dump
# Version 4541
#
# http://www.sequelpro.com/
# https://github.com/sequelpro/sequelpro
#
# Host: 127.0.0.1 (MySQL 5.7.20)
# Database: moe_data_center
# Generation Time: 2018-01-22 11:26:12 +0000
# ************************************************************


/*!40101 SET @OLD_CHARACTER_SET_CLIENT=@@CHARACTER_SET_CLIENT */;
/*!40101 SET @OLD_CHARACTER_SET_RESULTS=@@CHARACTER_SET_RESULTS */;
/*!40101 SET @OLD_COLLATION_CONNECTION=@@COLLATION_CONNECTION */;
/*!40101 SET NAMES utf8 */;
/*!40014 SET @OLD_FOREIGN_KEY_CHECKS=@@FOREIGN_KEY_CHECKS, FOREIGN_KEY_CHECKS=0 */;
/*!40101 SET @OLD_SQL_MODE=@@SQL_MODE, SQL_MODE='NO_AUTO_VALUE_ON_ZERO' */;
/*!40111 SET @OLD_SQL_NOTES=@@SQL_NOTES, SQL_NOTES=0 */;


# Dump of table t_moe_accout
# ------------------------------------------------------------

DROP TABLE IF EXISTS `t_moe_accout`;

CREATE TABLE `t_moe_accout` (
  `id` int(11) unsigned NOT NULL AUTO_INCREMENT,
  `nickname` varchar(100) COLLATE utf8_bin DEFAULT NULL COMMENT '昵称',
  `gender` int(2) DEFAULT '0' COMMENT '1男2女0未知',
  `created_at` varchar(20) COLLATE utf8_bin DEFAULT NULL COMMENT '创建时间,单位:ms',
  `update_at` varchar(20) COLLATE utf8_bin DEFAULT NULL COMMENT '更改时间,单位:ms',
  PRIMARY KEY (`id`)
) ENGINE=InnoDB DEFAULT CHARSET=utf8 COLLATE=utf8_bin;

LOCK TABLES `t_moe_accout` WRITE;
/*!40000 ALTER TABLE `t_moe_accout` DISABLE KEYS */;

INSERT INTO `t_moe_accout` (`id`, `nickname`, `gender`, `created_at`, `update_at`)
VALUES
	(1,X'E59DA6E5858BE6898BE8B49DE5A194',1,X'31353134333535363833373939',X'31353134333535363833373939'),
	(1851355,X'E5BC80E9A39EE69CBAE79A84E88892E5858B',1,X'31353134333535363833373939',X'31353134333535363833373939');

/*!40000 ALTER TABLE `t_moe_accout` ENABLE KEYS */;
UNLOCK TABLES;


# Dump of table t_moe_article
# ------------------------------------------------------------

DROP TABLE IF EXISTS `t_moe_article`;

CREATE TABLE `t_moe_article` (
  `id` int(11) unsigned NOT NULL AUTO_INCREMENT,
  `title` varchar(255) COLLATE utf8_bin DEFAULT NULL COMMENT '文章标题',
  `category_id` int(11) DEFAULT NULL COMMENT '分类ID',
  `sort` int(11) DEFAULT NULL COMMENT '排序',
  `is_top` int(11) DEFAULT NULL COMMENT '是否置顶',
  `is_enable` int(11) DEFAULT NULL COMMENT '是否启用',
  `content` text COLLATE utf8_bin COMMENT '文章内容',
  `status` int(11) DEFAULT '1' COMMENT '1正常0删除',
  `create_at` varchar(20) COLLATE utf8_bin DEFAULT NULL COMMENT '创建时间,单位：毫秒',
  `update_at` varchar(20) COLLATE utf8_bin DEFAULT NULL COMMENT '修改时间,单位：毫秒',
  `create_by` int(11) DEFAULT NULL COMMENT '创建人',
  `update_by` int(11) DEFAULT NULL COMMENT '修改人员',
  PRIMARY KEY (`id`)
) ENGINE=InnoDB DEFAULT CHARSET=utf8 COLLATE=utf8_bin;

LOCK TABLES `t_moe_article` WRITE;
/*!40000 ALTER TABLE `t_moe_article` DISABLE KEYS */;

INSERT INTO `t_moe_article` (`id`, `title`, `category_id`, `sort`, `is_top`, `is_enable`, `content`, `status`, `create_at`, `update_at`, `create_by`, `update_by`)
VALUES
	(7,X'E58FAFE788B1E79A84E88D89E5A082',49,1,1,1,X'266C743B702667743B266C743B7370616E207374796C653D2671756F743B636F6C6F723A207267622835312C2035312C203531293B20666F6E742D73697A653A20313470783B2671756F743B2667743BE5889DE588B0E58C97E5A4A7E88D92EFBC8CE68891E6849FE588B0E4B880E58887E983BDE4B88DE4B9A0E683AFE38082E5B8A6E58EBBE79A84E587A0E69CACE4B9A6E79C8BE5AE8CE4BA86EFBC8CE697B6E997B4E4B880E995BFEFBC8CE8A789E5BE97E6B2A1E6848FE6809DE38082E5B08FE4B8BDE5A5BDE5838FE79C8BE587BAE4BA86E68891E79A84E5BF83E6809DEFBC8CE7AC91E598BBE598BBE59CB0E997AEE68891EFBC9AE2809CE5A790E5A4ABEFBC8CE5BE85E885BBE4BA86E590A7EFBC9FE68891E5B8A6E4BDA0E58EBBE695A3E695A3E5BF83E5A5BDE59097EFBC9FE2809D266C743B2F7370616E2667743B266C743B2F702667743B266C743B702667743B266C743B7370616E207374796C653D2671756F743B636F6C6F723A207267622835312C2035312C203531293B20666F6E742D73697A653A20313470783B2671756F743B2667743BE38080E38080E2809CE4B88AE593AAE584BFE58EBBEFBC9FE2809D266C743B2F7370616E2667743B266C743B2F702667743B266C743B702667743B266C743B7370616E207374796C653D2671756F743B636F6C6F723A207267622835312C2035312C203531293B20666F6E742D73697A653A20313470783B2671756F743B2667743BE38080E38080E2809CE588B0E9878EE59CB0E9878CE58EBBE38082E4B88DE8BF87E4BDA0E5BE97E7B4A7E8B79FE79D80E68891E8B5B0EFBC8CE4BFBAE8BF99E584BFE78BBCE58FAFE5A49AE595A6EFBC81E2809D266C743B2F7370616E2667743B266C743B2F702667743B266C743B702667743B266C743B7370616E207374796C653D2671756F743B636F6C6F723A207267622835312C2035312C203531293B20666F6E742D73697A653A20313470783B2671756F743B2667743BE38080E38080E68891E8AFB4EFBC9AE2809CE58EBBE5B0B1E58EBBEFBC8CE4BDA0E4B88DE68095EFBC8CE68891E8BF98E883BDE68095EFBC9FE2809D266C743B2F7370616E2667743B266C743B2F702667743B266C743B702667743B266C743B7370616E207374796C653D2671756F743B636F6C6F723A207267622835312C2035312C203531293B20666F6E742D73697A653A20313470783B2671756F743B2667743BE38080E38080E8AFB4E8B5B0E5B0B1E8B5B0E38082E5B08FE4B8BDE68C8EE79D80E4B8AAE7AFAEE5AD90E8B9A6E8B9A6E8B7B3E8B7B3E59CB0E59CA8E5898DE8BEB9E5BC95E8B7AFEFBC8CE4B88DE5A49AE697B6E5B0B1E69DA5E588B0E88D89E5A198E8BEB9E4B88AE38082E8BF99E4B988E5A4A7E8BF99E4B988E7BE8EE79A84E88D89E5A198EFBC8CE68891E8BF98E698AFE7ACACE4B880E6ACA1E79C8BE588B0EFBC8CE8B5B0E4BA86E8BF9BE58EBBE5B0B1E5838FE7BDAEE8BAABE4BA8EE5A4A7E6B5B7E4B8ADE4B880E6A0B7EFBC8CE6B5AAE88AB1E7BFA0E7BBBFE7BFA0E7BBBFE79A84EFBC8CE7BBBFE5BE97E58F91E58589EFBC8CE7BBBFE5BE97E9B29CE4BAAEEFBC8CE6ACA2E7AC91E79D80EFBC8CE7BFBBE6BB9AE79D80EFBC8CE4B880E5B182E8B5B6E79D80E4B880E5B182E6B68CE59091E8BF9CE696B9E38082E4BB94E7BB86E79EA7E982A3E6B5AAE88AB1EFBC8CE8BF91E5A484E79A84E59188E78EB0E9B29CE7BBBFE889B2EFBC8CE8BF9CE4B880E782B9E584BFE79A84E59188E7BFA0E7BBBFE889B2EFBC8CE5868DE8BF9CE79A84E59188E5A2A8E7BBBFE889B2EFBC8CE4B880E5B182E58F88E4B880E5B182EFBC8CE69C80E5908EE8BF9EE68890E4B880E78987EFBC8CE88CABE88CABE79A84E8B79FE8939DE5A4A9E79BB8E68EA5E38082266C743B2F7370616E2667743B266C743B2F702667743B266C743B702667743B266C743B7370616E207374796C653D2671756F743B636F6C6F723A207267622835312C2035312C203531293B20666F6E742D73697A653A20313470783B2671756F743B2667743BE38080E38080E68891E68385E4B88DE887AAE7A681E59CB0E8AFB4EFBC9AE2809CE8BF99E88D89E5A198E79C9FE7BE8EE5958AEFBC81E2809D266C743B2F7370616E2667743B266C743B2F702667743B266C743B702667743B266C743B7370616E207374796C653D2671756F743B636F6C6F723A207267622835312C2035312C203531293B20666F6E742D73697A653A20313470783B2671756F743B2667743BE38080E38080E2809CE982A3E5BD93E784B6EFBC81E28098E6A392E68993E78B8DE5AD90E793A2E88880E9B1BCEFBC8CE9878EE9B8A1E9A39EE588B0E9A5ADE99485E9878CE28099EFBC8CE4BDA0E590ACE8AFB4E8BF87E590A7E38082E58FAFE6839CE4BDA0E69DA5E79A84E4B88DE698AFE697B6E58099E38082E8A681E698AFE698A5E5A4A9EFBC8CE5B08FE88D89E5889AE58F91E88ABDEFBC8CE6B2B3E6B0B4E5889AE5BC80E58C96EFBC8CE8978FE4BA86E4B880E586ACE79A84E9B1BCE983BDE4BB8EE6B0B4E5BA95E6B8B8E4B88AE69DA5E4BA86E38082E5BC80E6B2B3E79A84E9B1BCEFBC8CE4B88BE89B8BE79A84E9B8A1EFBC8CE88289E69C80E9A699E4B88DE8BF87E4BA86EFBC81E4BB8AE5B9B4E698A5E5A4A9E7BB99E4BDA0E4BBACE982AEE79A84E9B1BCE5B9B2EFBC8CE4B880E782B9E584BFE4B88DE68EBAE58187EFBC8CE983BDE698AFE68891E794A8E793A2E88880E79A84E38082E2809D266C743B2F7370616E2667743B266C743B2F702667743B266C743B702667743B266C743B7370616E207374796C653D2671756F743B636F6C6F723A207267622835312C2035312C203531293B20666F6E742D73697A653A20313470783B2671756F743B2667743BE38080E38080E79C8BE79D80E5B08FE4B8BDE982A3E887AAE8B1AAE79A84E6A8A1E6A0B7EFBC8CE68891E69585E6848FE98097E5A5B9EFBC9AE2809CE588ABE58589E8AFB4E7BE8EE79A84EFBC8CE88BA5E698AFE586ACE5A4A9E591A2EFBC8CE5A4A9E5A4A9E588AEE5A4A7E9A38EEFBC8CE586BBE5BE97E4BABAE587BAE4B88DE58EBBE5B18BE280A6E280A6E2809D266C743B2F7370616E2667743B266C743B2F702667743B266C743B702667743B266C743B7370616E207374796C653D2671756F743B636F6C6F723A207267622835312C2035312C203531293B20666F6E742D73697A653A20313470783B2671756F743B2667743BE38080E38080E2809CE586ACE5A4A9EFBC9FE586ACE5A4A9E69BB4E5A5BDE78EA9E595A6EFBC81E7A9BFE5BE97E5838FE4B8AAE6A389E88AB1E58C85E4BCBCE79A84EFBC8CE688B4E4B88AE79AAEE5B8BDE5AD90E38081E79AAEE6898BE5A597EFBC8CE68F90E79D80E6A0B9E6A38DE5AD90E588B0E88D89E5A198E9878CE58EBBE980AEE9878EE9B8A1EFBC8CE8BFBDE78B8DE5AD90E38082E5A4A9E8B68AE586B7E8B68AE5A5BDEFBC8CE586BBE5BE97E9878EE9B8A1E8BF9EE79CBCE79D9BE983BDE79D81E4B88DE5BC80E38082E5AE83E586B7E69E81E4BA86E5B0B1E68A8AE5A4B4E5BE80E99BAAE9878CE6898EEFBC8CE4BDA0E8B5B0E588B0E5AE83E8B79FE5898DEFBC8CE5838FE68B94E8909DE58D9CE4BCBCE79A84EFBC8CE4B880E4B88BE5B0B1E68A8AE5AE83E68B94E587BAE69DA5E4BA86E38082E588ABE79C8BE78B8DE5AD90E8B791E5BE97E5BFABEFBC8CE59CA8E99BAAE59CB0E5B0B1E4B88DE8A18CE4BA86EFBC8CE885BFE999B7E59CA8E99BAAE59D91E9878CE5868DE4B99FE68B94E4B88DE587BAE69DA5EFBC8CE79CBCE79D81E79D81E59CB0E8AEA9E4BABAE980AEEFBC81E2809D266C743B2F7370616E2667743B266C743B2F702667743B266C743B702667743B266C743B7370616E207374796C653D2671756F743B636F6C6F723A207267622835312C2035312C203531293B20666F6E742D73697A653A20313470783B2671756F743B2667743BE38080E38080E2809CE593A6EFBC8CE4BDA0E8BF99E4B988E4B880E8AFB4EFBC8CE58C97E5A4A7E88D92E5A5BDE5BE97E593AAE584BFE4B99FE6AF94E4B88DE4B88AE595A6EFBC9FE2809D266C743B2F7370616E2667743B266C743B2F702667743B266C743B702667743B266C743B7370616E207374796C653D2671756F743B636F6C6F723A207267622835312C2035312C203531293B20666F6E742D73697A653A20313470783B2671756F743B2667743BE38080E38080E2809CE5B0B1E698AFE593AAE584BFE4B99FE6AF94E4B88DE4B88AEFBC81E2809D266C743B2F7370616E2667743B266C743B2F702667743B266C743B702667743B266C743B7370616E207374796C653D2671756F743B636F6C6F723A207267622835312C2035312C203531293B20666F6E742D73697A653A20313470783B2671756F743B2667743BE38080E38080E2809CE982A3E4BDA0E8AFB4E8AFB4EFBC8CE78EB0E59CA8E6808EE4B988E4B8AAE5A5BDE6B395EFBC9FE2809D266C743B2F7370616E2667743B266C743B2F702667743B266C743B702667743B266C743B7370616E207374796C653D2671756F743B636F6C6F723A207267622835312C2035312C203531293B20666F6E742D73697A653A20313470783B2671756F743B2667743BE38080E38080E2809CE4BDA0E887AAE5B7B1E79C8BE5989BEFBC81E7BB99E4BDA0E4B880E8AFB4E5B0B1E6B2A1E6848FE6809DE4BA86E38082E2809DE5B08FE4B8BDE79FA5E98193E68891E58F88E98097E5A5B9EFBC8CE69585E6848FE585B3E4B88AE4BA86E8AF9DE58CA3E5AD90E38082266C743B2F7370616E2667743B266C743B2F702667743B266C743B702667743B266C743B7370616E207374796C653D2671756F743B636F6C6F723A207267622835312C2035312C203531293B20666F6E742D73697A653A20313470783B2671756F743B2667743BE38080E38080E5BE80E5898DE6B2A1E8B5B0E5A49AE8BF9CEFBC8CE5B0B1E590ACE588B0E5B08FE4B8BDE5968AEFBC9AE2809CE5BFABE69DA5E59180EFBC8CE5A790E5A4ABE38082E2809DE68891E8B791E588B0E79CBCE5898DEFBC8CE68992E5BC80E88D89E4B89BE4B880E79C8BEFBC8CE698AFE4B8AAE4B88DE5A4A7E79A84E6B0B4E6B3A1E5AD90EFBC8CE6B0B4E99DA2E4B88AE6B3A2E58589E7B2BCE7B2BCEFBC8CE4BB94E7BB86E4B880E79C8BEFBC8CE68CA4E68CA4E68CA8E68CA8E79A84E983BDE698AFE9B1BCE38082E68891E4B88DE7A681E6838AE58FABE8B5B7E69DA5EFBC9AE2809CE5958AEFBC8CE8BF99E4B988E5A49AE9B1BCEFBC81E2809DE8BF9EE5BF99E884B1E68E89E99E8BE8A29CEFBC8CE8B7B3E8BF9BE6B2A1E8869DE79B96E6B7B1E79A84E6B0B4E9878CE980AEE8B5B7E69DA5E38082E7ADB7E5AD90E995BFE79A84E9B287E9B1BCEFBC8CE6898BE68E8CE5AEBDE79A84E9B2ABE9B1BCEFBC8CE4B880E69DA1E58F88E4B880E69DA1E4B88DE4BD8FE59CB0E5BE80E5B2B8E4B88AE68A9BE38082E5B08FE4B8BDE4B88DE4BD8FE59CB0E5BE80E7AFAEE5AD90E9878CE68BBEE38082E68891E980AEE79D80E980AEE79D80EFBC8CE5BFBDE784B6E59397E595A6E595A6E4B880E998B5E6B0B4E782B9E584BFE890BDE59CA8E68891E79A84E884B8E4B88AE5928CE8BAABE4B88AE38082E4B88BE99BA8E4BA86E59097EFBC9FE68891E68AACE5A4B4E4B880E79C8BEFBC8CE698AFE5B08FE4B8BDE68DA3E79A84E9ACBCEFBC81E5A5B9E6B798E6B094E59CB0E7AC91E79D80EFBC9AE2809CE4BDA0E79C9FE698AFE8B4AAE5BF83E4B88DE8B6B3E59387EFBC8CE7AFAEE5AD90E983BDE6BBA1E4BA86EFBC8CE5868DE5BE80E593AAE584BFE8A385E59180EFBC9FE2809D266C743B2F7370616E2667743B266C743B2F702667743B266C743B702667743B266C743B7370616E207374796C653D2671756F743B636F6C6F723A207267622835312C2035312C203531293B20666F6E742D73697A653A20313470783B2671756F743B2667743BE38080E38080E68891E6818BE6818BE4B88DE8888DE59CB0E4B88AE4BA86E5B2B8E38082E5B08FE4B8BDE997AEE68891EFBC9AE2809CE4BDA0E79FA5E98193E8BF99E9B1BCE698AFE593AAE584BFE69DA5E79A84E59097EFBC9FE2809D266C743B2F7370616E2667743B266C743B2F702667743B266C743B702667743B266C743B7370616E207374796C653D2671756F743B636F6C6F723A207267622835312C2035312C203531293B20666F6E742D73697A653A20313470783B2671756F743B2667743BE38080E38080E2809CE982A3E8BF98E794A8E997AEEFBC8CE69C89E6B0B4E5B0B1E69C89E9B1BCE5989BEFBC81E2809D266C743B2F7370616E2667743B266C743B2F702667743B266C743B702667743B266C743B7370616E207374796C653D2671756F743B636F6C6F723A207267622835312C2035312C203531293B20666F6E742D73697A653A20313470783B2671756F743B2667743BE38080E38080E2809CE68891E698AFE997AEE4BDA0E8BF99E9878CE69C89E6B2B3E6B2A1E69C89EFBC9FE2809D266C743B2F7370616E2667743B266C743B2F702667743B266C743B702667743B266C743B7370616E207374796C653D2671756F743B636F6C6F723A207267622835312C2035312C203531293B20666F6E742D73697A653A20313470783B2671756F743B2667743BE38080E38080E68891E4B8BEE79BAEE59B9BE69C9BEFBC8CE88CABE88CABE79A84E4B880E78987E88D89E5A198EFBC8CE593AAE9878CE69C89E4BB80E4B988E6B2B3E59180EFBC9FE5B08FE4B8BDE7B4A7E8B5B0E587A0E6ADA5EFBC8CE68BA8E5BC80E79CBCE5898DE79A84E88AA6E88B87E38082E5958AEFBC8CE4B880E69DA1E6B885E6BE88E79A84E5B08FE6B2B3E5A587E8BFB9E888ACE59CB0E587BAE78EB0E59CA8E68891E79A84E79CBCE5898DEFBC8CE88AA6E88B87E5928CE892B2E88D89E58092E698A0E59CA8E6B885E5878CE5878CE79A84E6B2B3E6B0B4E9878CEFBC8CE698BEE5BE97E69BB4E7BBBFE4BA86EFBC9BE5A4A9E7A9BAE58092E698A0E59CA8E6B885E5878CE5878CE79A84E6B2B3E6B0B4E9878CEFBC8CE698BEE5BE97E69BB4E8939DE4BA86EFBC9BE4BA91E69CB5E58092E698A0E59CA8E6B885E5878CE5878CE79A84E6B2B3E6B0B4E9878CEFBC8CE698BEE5BE97E69BB4E799BDE4BA86E38082266C743B2F7370616E2667743B266C743B2F702667743B266C743B702667743B266C743B7370616E207374796C653D2671756F743B636F6C6F723A207267622835312C2035312C203531293B20666F6E742D73697A653A20313470783B2671756F743B2667743BE38080E38080E68891E69C9DE5898DE7B4A7E8B5B0E587A0E6ADA5EFBC8CE683B3E68DA7E8B5B7E8BF99E6B885E58789E79A84E6B2B3E6B0B4E7979BE7979BE5BFABE5BFABE59CB0E6B497E4B880E6B497E884B8E38082E4BD86E698AFE68891E78AB9E8B1ABE4BA86EFBC8CE7949FE68095E5BC84E59D8FE4BA86E8BF99E4B880E5B985E7BE8EE5A5BDE79A84E794BBE58DB7E38082266C743B2F7370616E2667743B266C743B2F702667743B',1,X'31353134333535363833373939',X'31353134333535363833373939',1,NULL),
	(8,X'4D61726BEFBC8131',49,312,1,1,X'266C743B68312667743B31266C743B2F68312667743B266C743B68312667743B333132333131313131313131266C743B2F68312667743B266C743B68332667743BE6B19FE8BEB9E59F8EE5A496E783A4E585A8E9B1BC31313131266C743B2F68332667743B0D0A',1,X'31353134333631373832383433',X'31353134343436333830393332',1,1),
	(9,X'E59083EFBC81E6B19FE8BEB9E59F8EE5A496E783A4E585A8E9B1BC',52,1,0,1,X'266C743B702667743B266C743B7370616E207374796C653D2671756F743B636F6C6F723A20726762283232372C2035352C203535293B2671756F743B2667743BE5BDA9E889B2E69687E5AD97266C743B2F7370616E2667743B266C743B62722667743B266C743B2F702667743B266C743B702667743B266C743B7370616E207374796C653D2671756F743B636F6C6F723A20726762283135332C203135332C20313533293B2671756F743B2667743BE5BDA9E889B2E69687E5AD97266C743B2F7370616E2667743B266C743B62722667743B266C743B2F702667743B266C743B7072652667743B266C743B636F64652667743B7075626C69632066756E6374696F6E20616128290D0A7B0D0A26616D703B6E6273703B26616D703B6E6273703B7969656C642024613B0D0A26616D703B6E6273703B26616D703B6E6273703B6563686F203131313B0D0A7D266C743B2F636F64652667743B266C743B2F7072652667743B266C743B7461626C652667743B266C743B636F6C67726F75702667743B266C743B636F6C2077696474683D2671756F743B31362E363038393936353339373932333836252671756F743B2667743B266C743B636F6C2077696474683D2671756F743B31362E363038393936353339373932333836252671756F743B2667743B266C743B636F6C2077696474683D2671756F743B31362E363935353031373330313033383037252671756F743B2667743B266C743B636F6C2077696474683D2671756F743B31362E363935353031373330313033383037252671756F743B2667743B266C743B636F6C2077696474683D2671756F743B31362E373832303036393230343135323234252671756F743B2667743B266C743B636F6C2077696474683D2671756F743B31362E393535303137333031303338303632252671756F743B2667743B266C743B2F636F6C67726F75702667743B266C743B74686561642667743B266C743B74722667743B266C743B74682667743B31266C743B2F74682667743B266C743B74682667743B266C743B62722667743B266C743B2F74682667743B266C743B74682667743B266C743B62722667743B266C743B2F74682667743B266C743B74682667743B266C743B62722667743B266C743B2F74682667743B266C743B74682667743B266C743B62722667743B266C743B2F74682667743B266C743B74682667743B266C743B62722667743B266C743B2F74682667743B266C743B2F74722667743B266C743B2F74686561642667743B266C743B74626F64792667743B266C743B74722667743B266C743B74642667743B32266C743B2F74642667743B266C743B74642667743B266C743B62722667743B266C743B2F74642667743B266C743B74642667743B266C743B62722667743B266C743B2F74642667743B266C743B74642667743B266C743B62722667743B266C743B2F74642667743B266C743B74642667743B266C743B62722667743B266C743B2F74642667743B266C743B74642667743B266C743B62722667743B266C743B2F74642667743B266C743B2F74722667743B266C743B74722667743B266C743B74642667743B33266C743B2F74642667743B266C743B74642667743B266C743B62722667743B266C743B2F74642667743B266C743B74642667743B266C743B62722667743B266C743B2F74642667743B266C743B74642667743B266C743B62722667743B266C743B2F74642667743B266C743B74642667743B266C743B62722667743B266C743B2F74642667743B266C743B74642667743B266C743B62722667743B266C743B2F74642667743B266C743B2F74722667743B266C743B74722667743B266C743B74642667743B34266C743B2F74642667743B266C743B74642667743B266C743B62722667743B266C743B2F74642667743B266C743B74642667743B266C743B62722667743B266C743B2F74642667743B266C743B74642667743B266C743B62722667743B266C743B2F74642667743B266C743B74642667743B266C743B62722667743B266C743B2F74642667743B266C743B74642667743B266C743B62722667743B266C743B2F74642667743B266C743B2F74722667743B266C743B74722667743B266C743B74642667743B35266C743B2F74642667743B266C743B74642667743B266C743B62722667743B266C743B2F74642667743B266C743B74642667743B266C743B62722667743B266C743B2F74642667743B266C743B74642667743B266C743B62722667743B266C743B2F74642667743B266C743B74642667743B266C743B62722667743B266C743B2F74642667743B266C743B74642667743B266C743B62722667743B266C743B2F74642667743B266C743B2F74722667743B266C743B2F74626F64792667743B266C743B2F7461626C652667743B',1,X'31353134333632313035383936',X'31353134343439333932353034',1,1),
	(10,X'436F646554657374',47,2,0,1,X'266C743B7072652667743B266C743B636F64652667743B266C743B7370616E207374796C653D2671756F743B636F6C6F723A233632393735353B6261636B67726F756E642D636F6C6F723A233233323532353B666F6E742D7374796C653A6974616C69633B2671756F743B2667743B2F2A2A266C743B62722667743B266C743B2F7370616E2667743B266C743B7370616E207374796C653D2671756F743B636F6C6F723A233632393735353B6261636B67726F756E642D636F6C6F723A233233323532353B666F6E742D7374796C653A6974616C69633B2671756F743B2667743B202020202A20E79BAEE5BD95E9818DE58E86E587BDE695B0266C743B62722667743B266C743B2F7370616E2667743B266C743B7370616E207374796C653D2671756F743B636F6C6F723A233632393735353B6261636B67726F756E642D636F6C6F723A233233323532353B666F6E742D7374796C653A6974616C69633B2671756F743B2667743B202020202A20266C743B2F7370616E2667743B266C743B7370616E207374796C653D2671756F743B636F6C6F723A233632393735353B6261636B67726F756E642D636F6C6F723A233233323532353B666F6E742D7765696768743A626F6C643B666F6E742D7374796C653A6974616C69633B2671756F743B2667743B4061636365737320266C743B2F7370616E2667743B266C743B7370616E207374796C653D2671756F743B636F6C6F723A233632393735353B6261636B67726F756E642D636F6C6F723A233233323532353B666F6E742D7374796C653A6974616C69633B2671756F743B2667743B7075626C6963266C743B62722667743B266C743B2F7370616E2667743B266C743B7370616E207374796C653D2671756F743B636F6C6F723A233632393735353B6261636B67726F756E642D636F6C6F723A233233323532353B666F6E742D7374796C653A6974616C69633B2671756F743B2667743B202020202A20266C743B2F7370616E2667743B266C743B7370616E207374796C653D2671756F743B636F6C6F723A233632393735353B6261636B67726F756E642D636F6C6F723A233233323532353B666F6E742D7765696768743A626F6C643B666F6E742D7374796C653A6974616C69633B2671756F743B2667743B40706172616D20266C743B2F7370616E2667743B266C743B7370616E207374796C653D2671756F743B636F6C6F723A233632393735353B6261636B67726F756E642D636F6C6F723A233233323532353B666F6E742D7374796C653A6974616C69633B2671756F743B2667743B737472696E672024706174682020202020E8A681E9818DE58E86E79A84E79BAEE5BD95E5908D266C743B62722667743B266C743B2F7370616E2667743B266C743B7370616E207374796C653D2671756F743B636F6C6F723A233632393735353B6261636B67726F756E642D636F6C6F723A233233323532353B666F6E742D7374796C653A6974616C69633B2671756F743B2667743B202020202A20266C743B2F7370616E2667743B266C743B7370616E207374796C653D2671756F743B636F6C6F723A233632393735353B6261636B67726F756E642D636F6C6F723A233233323532353B666F6E742D7765696768743A626F6C643B666F6E742D7374796C653A6974616C69633B2671756F743B2667743B40706172616D20266C743B2F7370616E2667743B266C743B7370616E207374796C653D2671756F743B636F6C6F723A233632393735353B6261636B67726F756E642D636F6C6F723A233233323532353B666F6E742D7374796C653A6974616C69633B2671756F743B2667743B737472696E6720246D6F64652020202020E9818DE58E86E6A8A1E5BC8F2CE4B880E888ACE58F9646494C45532CE8BF99E6A0B7E58FAAE8BF94E59B9EE5B8A6E8B7AFE5BE84E79A84E69687E4BBB6E5908D266C743B62722667743B266C743B2F7370616E2667743B266C743B7370616E207374796C653D2671756F743B636F6C6F723A233632393735353B6261636B67726F756E642D636F6C6F723A233233323532353B666F6E742D7374796C653A6974616C69633B2671756F743B2667743B202020202A20266C743B2F7370616E2667743B266C743B7370616E207374796C653D2671756F743B636F6C6F723A233632393735353B6261636B67726F756E642D636F6C6F723A233233323532353B666F6E742D7765696768743A626F6C643B666F6E742D7374796C653A6974616C69633B2671756F743B2667743B40706172616D20266C743B2F7370616E2667743B266C743B7370616E207374796C653D2671756F743B636F6C6F723A233632393735353B6261636B67726F756E642D636F6C6F723A233233323532353B666F6E742D7374796C653A6974616C69633B2671756F743B2667743B6172726179202466696C655F747970657320202020E69687E4BBB6E5908EE7BC80E8BF87E6BBA4E695B0E7BB84266C743B62722667743B266C743B2F7370616E2667743B266C743B7370616E207374796C653D2671756F743B636F6C6F723A233632393735353B6261636B67726F756E642D636F6C6F723A233233323532353B666F6E742D7374796C653A6974616C69633B2671756F743B2667743B202A20266C743B2F7370616E2667743B266C743B7370616E207374796C653D2671756F743B636F6C6F723A233632393735353B6261636B67726F756E642D636F6C6F723A233233323532353B666F6E742D7765696768743A626F6C643B666F6E742D7374796C653A6974616C69633B2671756F743B2667743B40706172616D20266C743B2F7370616E2667743B266C743B7370616E207374796C653D2671756F743B636F6C6F723A233632393735353B6261636B67726F756E642D636F6C6F723A233233323532353B666F6E742D7374796C653A6974616C69633B2671756F743B2667743B696E7420246D6178646570746820202020202020E9818DE58E86E6B7B1E5BAA62C2D31E8A1A8E7A4BAE9818DE58E86E588B0E69C80E5BA95E5B182266C743B62722667743B266C743B2F7370616E2667743B266C743B7370616E207374796C653D2671756F743B636F6C6F723A233632393735353B6261636B67726F756E642D636F6C6F723A233233323532353B666F6E742D7374796C653A6974616C69633B2671756F743B2667743B202020202A20266C743B2F7370616E2667743B266C743B7370616E207374796C653D2671756F743B636F6C6F723A233632393735353B6261636B67726F756E642D636F6C6F723A233233323532353B666F6E742D7765696768743A626F6C643B666F6E742D7374796C653A6974616C69633B2671756F743B2667743B4072657475726E20266C743B2F7370616E2667743B266C743B7370616E207374796C653D2671756F743B636F6C6F723A233632393735353B6261636B67726F756E642D636F6C6F723A233233323532353B666F6E742D7374796C653A6974616C69633B2671756F743B2667743B766F6964266C743B62722667743B266C743B2F7370616E2667743B266C743B7370616E207374796C653D2671756F743B636F6C6F723A233632393735353B6261636B67726F756E642D636F6C6F723A233233323532353B666F6E742D7374796C653A6974616C69633B2671756F743B2667743B202020202A2F266C743B62722667743B266C743B2F7370616E2667743B266C743B7370616E207374796C653D2671756F743B636F6C6F723A236363373833323B6261636B67726F756E642D636F6C6F723A233233323532353B666F6E742D7765696768743A626F6C643B2671756F743B2667743B7374617469632066756E6374696F6E20266C743B2F7370616E2667743B266C743B7370616E207374796C653D2671756F743B636F6C6F723A236666633636643B6261636B67726F756E642D636F6C6F723A233233323532353B2671756F743B2667743B736561726368646972266C743B2F7370616E2667743B266C743B7370616E207374796C653D2671756F743B6261636B67726F756E642D636F6C6F723A233233323532353B2671756F743B2667743B28266C743B2F7370616E2667743B266C743B7370616E207374796C653D2671756F743B636F6C6F723A233938373661613B6261636B67726F756E642D636F6C6F723A233233323532353B2671756F743B2667743B2470617468266C743B2F7370616E2667743B266C743B7370616E207374796C653D2671756F743B636F6C6F723A236363373833323B6261636B67726F756E642D636F6C6F723A233233323532353B2671756F743B2667743B2C266C743B2F7370616E2667743B266C743B7370616E207374796C653D2671756F743B636F6C6F723A233938373661613B6261636B67726F756E642D636F6C6F723A233233323532353B2671756F743B2667743B246D6F646520266C743B2F7370616E2667743B266C743B7370616E207374796C653D2671756F743B6261636B67726F756E642D636F6C6F723A233233323532353B2671756F743B2667743B3D20266C743B2F7370616E2667743B266C743B7370616E207374796C653D2671756F743B636F6C6F723A233661383735393B6261636B67726F756E642D636F6C6F723A233233323532353B2671756F743B2667743B2671756F743B46554C4C2671756F743B266C743B2F7370616E2667743B266C743B7370616E207374796C653D2671756F743B636F6C6F723A236363373833323B6261636B67726F756E642D636F6C6F723A233233323532353B2671756F743B2667743B2C266C743B2F7370616E2667743B266C743B7370616E207374796C653D2671756F743B636F6C6F723A233938373661613B6261636B67726F756E642D636F6C6F723A233233323532353B2671756F743B2667743B2466696C655F747970657320266C743B2F7370616E2667743B266C743B7370616E207374796C653D2671756F743B6261636B67726F756E642D636F6C6F723A233233323532353B2671756F743B2667743B3D20266C743B2F7370616E2667743B266C743B7370616E207374796C653D2671756F743B636F6C6F723A236363373833323B6261636B67726F756E642D636F6C6F723A233233323532353B666F6E742D7765696768743A626F6C643B2671756F743B2667743B6172726179266C743B2F7370616E2667743B266C743B7370616E207374796C653D2671756F743B6261636B67726F756E642D636F6C6F723A233233323532353B2671756F743B2667743B28266C743B2F7370616E2667743B266C743B7370616E207374796C653D2671756F743B636F6C6F723A233661383735393B6261636B67726F756E642D636F6C6F723A233233323532353B2671756F743B2667743B2671756F743B2E68746D6C2671756F743B266C743B2F7370616E2667743B266C743B7370616E207374796C653D2671756F743B636F6C6F723A236363373833323B6261636B67726F756E642D636F6C6F723A233233323532353B2671756F743B2667743B2C266C743B2F7370616E2667743B266C743B7370616E207374796C653D2671756F743B636F6C6F723A233661383735393B6261636B67726F756E642D636F6C6F723A233233323532353B2671756F743B2667743B2671756F743B2E7068702671756F743B266C743B2F7370616E2667743B266C743B7370616E207374796C653D2671756F743B6261636B67726F756E642D636F6C6F723A233233323532353B2671756F743B2667743B29266C743B2F7370616E2667743B266C743B7370616E207374796C653D2671756F743B636F6C6F723A236363373833323B6261636B67726F756E642D636F6C6F723A233233323532353B2671756F743B2667743B2C266C743B2F7370616E2667743B266C743B7370616E207374796C653D2671756F743B636F6C6F723A233938373661613B6261636B67726F756E642D636F6C6F723A233233323532353B2671756F743B2667743B246D6178646570746820266C743B2F7370616E2667743B266C743B7370616E207374796C653D2671756F743B6261636B67726F756E642D636F6C6F723A233233323532353B2671756F743B2667743B3D202D266C743B2F7370616E2667743B266C743B7370616E207374796C653D2671756F743B636F6C6F723A233638393762623B6261636B67726F756E642D636F6C6F723A233233323532353B2671756F743B2667743B31266C743B2F7370616E2667743B266C743B7370616E207374796C653D2671756F743B636F6C6F723A236363373833323B6261636B67726F756E642D636F6C6F723A233233323532353B2671756F743B2667743B2C266C743B2F7370616E2667743B266C743B7370616E207374796C653D2671756F743B636F6C6F723A233938373661613B6261636B67726F756E642D636F6C6F723A233233323532353B2671756F743B2667743B246420266C743B2F7370616E2667743B266C743B7370616E207374796C653D2671756F743B6261636B67726F756E642D636F6C6F723A233233323532353B2671756F743B2667743B3D20266C743B2F7370616E2667743B266C743B7370616E207374796C653D2671756F743B636F6C6F723A233638393762623B6261636B67726F756E642D636F6C6F723A233233323532353B2671756F743B2667743B30266C743B2F7370616E2667743B266C743B7370616E207374796C653D2671756F743B6261636B67726F756E642D636F6C6F723A233233323532353B2671756F743B2667743B29207B266C743B62722667743B266C743B2F7370616E2667743B266C743B7370616E207374796C653D2671756F743B6261636B67726F756E642D636F6C6F723A233233323532353B2671756F743B2667743B202020266C743B2F7370616E2667743B266C743B7370616E207374796C653D2671756F743B636F6C6F723A236363373833323B6261636B67726F756E642D636F6C6F723A233233323532353B666F6E742D7765696768743A626F6C643B2671756F743B2667743B6966266C743B2F7370616E2667743B266C743B7370616E207374796C653D2671756F743B6261636B67726F756E642D636F6C6F723A233233323532353B2671756F743B2667743B2873756273747228266C743B2F7370616E2667743B266C743B7370616E207374796C653D2671756F743B636F6C6F723A233938373661613B6261636B67726F756E642D636F6C6F723A233233323532353B2671756F743B2667743B2470617468266C743B2F7370616E2667743B266C743B7370616E207374796C653D2671756F743B636F6C6F723A236363373833323B6261636B67726F756E642D636F6C6F723A233233323532353B2671756F743B2667743B2C266C743B2F7370616E2667743B266C743B7370616E207374796C653D2671756F743B6261636B67726F756E642D636F6C6F723A233233323532353B2671756F743B2667743B7374726C656E28266C743B2F7370616E2667743B266C743B7370616E207374796C653D2671756F743B636F6C6F723A233938373661613B6261636B67726F756E642D636F6C6F723A233233323532353B2671756F743B2667743B2470617468266C743B2F7370616E2667743B266C743B7370616E207374796C653D2671756F743B6261636B67726F756E642D636F6C6F723A233233323532353B2671756F743B2667743B292D266C743B2F7370616E2667743B266C743B7370616E207374796C653D2671756F743B636F6C6F723A233638393762623B6261636B67726F756E642D636F6C6F723A233233323532353B2671756F743B2667743B31266C743B2F7370616E2667743B266C743B7370616E207374796C653D2671756F743B6261636B67726F756E642D636F6C6F723A233233323532353B2671756F743B2667743B2920213D20266C743B2F7370616E2667743B266C743B7370616E207374796C653D2671756F743B636F6C6F723A233661383735393B6261636B67726F756E642D636F6C6F723A233233323532353B2671756F743B2667743B272F27266C743B2F7370616E2667743B266C743B7370616E207374796C653D2671756F743B6261636B67726F756E642D636F6C6F723A233233323532353B2671756F743B2667743B29266C743B62722667743B266C743B2F7370616E2667743B266C743B7370616E207374796C653D2671756F743B6261636B67726F756E642D636F6C6F723A233233323532353B2671756F743B2667743B202020202020266C743B2F7370616E2667743B266C743B7370616E207374796C653D2671756F743B636F6C6F723A233938373661613B6261636B67726F756E642D636F6C6F723A233233323532353B2671756F743B2667743B247061746820266C743B2F7370616E2667743B266C743B7370616E207374796C653D2671756F743B6261636B67726F756E642D636F6C6F723A233233323532353B2671756F743B2667743B2E3D20266C743B2F7370616E2667743B266C743B7370616E207374796C653D2671756F743B636F6C6F723A233661383735393B6261636B67726F756E642D636F6C6F723A233233323532353B2671756F743B2667743B272F27266C743B2F7370616E2667743B266C743B7370616E207374796C653D2671756F743B636F6C6F723A236363373833323B6261636B67726F756E642D636F6C6F723A233233323532353B2671756F743B2667743B3B266C743B62722667743B266C743B2F7370616E2667743B266C743B7370616E207374796C653D2671756F743B636F6C6F723A236363373833323B6261636B67726F756E642D636F6C6F723A233233323532353B2671756F743B2667743B202020266C743B2F7370616E2667743B266C743B7370616E207374796C653D2671756F743B636F6C6F723A233938373661613B6261636B67726F756E642D636F6C6F723A233233323532353B2671756F743B2667743B246469726C69737420266C743B2F7370616E2667743B266C743B7370616E207374796C653D2671756F743B6261636B67726F756E642D636F6C6F723A233233323532353B2671756F743B2667743B3D20266C743B2F7370616E2667743B266C743B7370616E207374796C653D2671756F743B636F6C6F723A236363373833323B6261636B67726F756E642D636F6C6F723A233233323532353B666F6E742D7765696768743A626F6C643B2671756F743B2667743B6172726179266C743B2F7370616E2667743B266C743B7370616E207374796C653D2671756F743B6261636B67726F756E642D636F6C6F723A233233323532353B2671756F743B2667743B2829266C743B2F7370616E2667743B266C743B7370616E207374796C653D2671756F743B636F6C6F723A236363373833323B6261636B67726F756E642D636F6C6F723A233233323532353B2671756F743B2667743B3B266C743B62722667743B266C743B2F7370616E2667743B266C743B7370616E207374796C653D2671756F743B636F6C6F723A236363373833323B6261636B67726F756E642D636F6C6F723A233233323532353B2671756F743B2667743B202020266C743B2F7370616E2667743B266C743B7370616E207374796C653D2671756F743B636F6C6F723A236363373833323B6261636B67726F756E642D636F6C6F723A233233323532353B666F6E742D7765696768743A626F6C643B2671756F743B2667743B6966266C743B2F7370616E2667743B266C743B7370616E207374796C653D2671756F743B6261636B67726F756E642D636F6C6F723A233233323532353B2671756F743B2667743B28266C743B2F7370616E2667743B266C743B7370616E207374796C653D2671756F743B636F6C6F723A233938373661613B6261636B67726F756E642D636F6C6F723A233233323532353B2671756F743B2667743B246D6F646520266C743B2F7370616E2667743B266C743B7370616E207374796C653D2671756F743B6261636B67726F756E642D636F6C6F723A233233323532353B2671756F743B2667743B213D20266C743B2F7370616E2667743B266C743B7370616E207374796C653D2671756F743B636F6C6F723A233661383735393B6261636B67726F756E642D636F6C6F723A233233323532353B2671756F743B2667743B2671756F743B46494C45532671756F743B266C743B2F7370616E2667743B266C743B7370616E207374796C653D2671756F743B6261636B67726F756E642D636F6C6F723A233233323532353B2671756F743B2667743B29266C743B62722667743B266C743B2F7370616E2667743B266C743B7370616E207374796C653D2671756F743B6261636B67726F756E642D636F6C6F723A233233323532353B2671756F743B2667743B202020202020266C743B2F7370616E2667743B266C743B7370616E207374796C653D2671756F743B636F6C6F723A233938373661613B6261636B67726F756E642D636F6C6F723A233233323532353B2671756F743B2667743B246469726C697374266C743B2F7370616E2667743B266C743B7370616E207374796C653D2671756F743B6261636B67726F756E642D636F6C6F723A233233323532353B2671756F743B2667743B5B5D203D20266C743B2F7370616E2667743B266C743B7370616E207374796C653D2671756F743B636F6C6F723A233938373661613B6261636B67726F756E642D636F6C6F723A233233323532353B2671756F743B2667743B2470617468266C743B2F7370616E2667743B266C743B7370616E207374796C653D2671756F743B636F6C6F723A236363373833323B6261636B67726F756E642D636F6C6F723A233233323532353B2671756F743B2667743B3B266C743B62722667743B266C743B2F7370616E2667743B266C743B7370616E207374796C653D2671756F743B636F6C6F723A236363373833323B6261636B67726F756E642D636F6C6F723A233233323532353B2671756F743B2667743B202020266C743B2F7370616E2667743B266C743B7370616E207374796C653D2671756F743B636F6C6F723A236363373833323B6261636B67726F756E642D636F6C6F723A233233323532353B666F6E742D7765696768743A626F6C643B2671756F743B2667743B6966266C743B2F7370616E2667743B266C743B7370616E207374796C653D2671756F743B6261636B67726F756E642D636F6C6F723A233233323532353B2671756F743B2667743B28266C743B2F7370616E2667743B266C743B7370616E207374796C653D2671756F743B636F6C6F723A233938373661613B6261636B67726F756E642D636F6C6F723A233233323532353B2671756F743B2667743B2468616E646C6520266C743B2F7370616E2667743B266C743B7370616E207374796C653D2671756F743B6261636B67726F756E642D636F6C6F723A233233323532353B2671756F743B2667743B3D20406F70656E64697228266C743B2F7370616E2667743B266C743B7370616E207374796C653D2671756F743B636F6C6F723A233938373661613B6261636B67726F756E642D636F6C6F723A233233323532353B2671756F743B2667743B2470617468266C743B2F7370616E2667743B266C743B7370616E207374796C653D2671756F743B6261636B67726F756E642D636F6C6F723A233233323532353B2671756F743B2667743B2929207B266C743B62722667743B266C743B2F7370616E2667743B266C743B7370616E207374796C653D2671756F743B6261636B67726F756E642D636F6C6F723A233233323532353B2671756F743B2667743B202020202020266C743B2F7370616E2667743B266C743B7370616E207374796C653D2671756F743B636F6C6F723A236363373833323B6261636B67726F756E642D636F6C6F723A233233323532353B666F6E742D7765696768743A626F6C643B2671756F743B2667743B7768696C65266C743B2F7370616E2667743B266C743B7370616E207374796C653D2671756F743B6261636B67726F756E642D636F6C6F723A233233323532353B2671756F743B2667743B28266C743B2F7370616E2667743B266C743B7370616E207374796C653D2671756F743B636F6C6F723A236363373833323B6261636B67726F756E642D636F6C6F723A233233323532353B666F6E742D7765696768743A626F6C643B2671756F743B2667743B66616C736520266C743B2F7370616E2667743B266C743B7370616E207374796C653D2671756F743B6261636B67726F756E642D636F6C6F723A233233323532353B2671756F743B2667743B213D3D2028266C743B2F7370616E2667743B266C743B7370616E207374796C653D2671756F743B636F6C6F723A233938373661613B6261636B67726F756E642D636F6C6F723A233233323532353B2671756F743B2667743B2466696C6520266C743B2F7370616E2667743B266C743B7370616E207374796C653D2671756F743B6261636B67726F756E642D636F6C6F723A233233323532353B2671756F743B2667743B3D207265616464697228266C743B2F7370616E2667743B266C743B7370616E207374796C653D2671756F743B636F6C6F723A233938373661613B6261636B67726F756E642D636F6C6F723A233233323532353B2671756F743B2667743B2468616E646C65266C743B2F7370616E2667743B266C743B7370616E207374796C653D2671756F743B6261636B67726F756E642D636F6C6F723A233233323532353B2671756F743B2667743B292929266C743B62722667743B266C743B2F7370616E2667743B266C743B7370616E207374796C653D2671756F743B6261636B67726F756E642D636F6C6F723A233233323532353B2671756F743B2667743B2020202020207B266C743B62722667743B266C743B2F7370616E2667743B266C743B7370616E207374796C653D2671756F743B6261636B67726F756E642D636F6C6F723A233233323532353B2671756F743B2667743B202020202020202020266C743B2F7370616E2667743B266C743B7370616E207374796C653D2671756F743B636F6C6F723A236363373833323B6261636B67726F756E642D636F6C6F723A233233323532353B666F6E742D7765696768743A626F6C643B2671756F743B2667743B6966266C743B2F7370616E2667743B266C743B7370616E207374796C653D2671756F743B6261636B67726F756E642D636F6C6F723A233233323532353B2671756F743B2667743B28266C743B2F7370616E2667743B266C743B7370616E207374796C653D2671756F743B636F6C6F723A233938373661613B6261636B67726F756E642D636F6C6F723A233233323532353B2671756F743B2667743B2466696C6520266C743B2F7370616E2667743B266C743B7370616E207374796C653D2671756F743B6261636B67726F756E642D636F6C6F723A233233323532353B2671756F743B2667743B213D20266C743B2F7370616E2667743B266C743B7370616E207374796C653D2671756F743B636F6C6F723A233661383735393B6261636B67726F756E642D636F6C6F723A233233323532353B2671756F743B2667743B272E2720266C743B2F7370616E2667743B266C743B7370616E207374796C653D2671756F743B6261636B67726F756E642D636F6C6F723A233233323532353B2671756F743B2667743B26616D703B616D703B26616D703B616D703B20266C743B2F7370616E2667743B266C743B7370616E207374796C653D2671756F743B636F6C6F723A233938373661613B6261636B67726F756E642D636F6C6F723A233233323532353B2671756F743B2667743B2466696C6520266C743B2F7370616E2667743B266C743B7370616E207374796C653D2671756F743B6261636B67726F756E642D636F6C6F723A233233323532353B2671756F743B2667743B213D20266C743B2F7370616E2667743B266C743B7370616E207374796C653D2671756F743B636F6C6F723A233661383735393B6261636B67726F756E642D636F6C6F723A233233323532353B2671756F743B2667743B272E2E27266C743B2F7370616E2667743B266C743B7370616E207374796C653D2671756F743B6261636B67726F756E642D636F6C6F723A233233323532353B2671756F743B2667743B29266C743B62722667743B266C743B2F7370616E2667743B266C743B7370616E207374796C653D2671756F743B6261636B67726F756E642D636F6C6F723A233233323532353B2671756F743B2667743B2020202020202020207B266C743B62722667743B266C743B2F7370616E2667743B266C743B7370616E207374796C653D2671756F743B6261636B67726F756E642D636F6C6F723A233233323532353B2671756F743B2667743B202020202020202020202020266C743B2F7370616E2667743B266C743B7370616E207374796C653D2671756F743B636F6C6F723A233938373661613B6261636B67726F756E642D636F6C6F723A233233323532353B2671756F743B2667743B2466696C6520266C743B2F7370616E2667743B266C743B7370616E207374796C653D2671756F743B6261636B67726F756E642D636F6C6F723A233233323532353B2671756F743B2667743B3D20266C743B2F7370616E2667743B266C743B7370616E207374796C653D2671756F743B636F6C6F723A233938373661613B6261636B67726F756E642D636F6C6F723A233233323532353B2671756F743B2667743B2470617468266C743B2F7370616E2667743B266C743B7370616E207374796C653D2671756F743B6261636B67726F756E642D636F6C6F723A233233323532353B2671756F743B2667743B2E266C743B2F7370616E2667743B266C743B7370616E207374796C653D2671756F743B636F6C6F723A233938373661613B6261636B67726F756E642D636F6C6F723A233233323532353B2671756F743B2667743B2466696C6520266C743B2F7370616E2667743B266C743B7370616E207374796C653D2671756F743B636F6C6F723A236363373833323B6261636B67726F756E642D636F6C6F723A233233323532353B2671756F743B2667743B3B266C743B62722667743B266C743B2F7370616E2667743B266C743B7370616E207374796C653D2671756F743B636F6C6F723A236363373833323B6261636B67726F756E642D636F6C6F723A233233323532353B2671756F743B2667743B202020202020202020202020266C743B2F7370616E2667743B266C743B7370616E207374796C653D2671756F743B636F6C6F723A236363373833323B6261636B67726F756E642D636F6C6F723A233233323532353B666F6E742D7765696768743A626F6C643B2671756F743B2667743B6966266C743B2F7370616E2667743B266C743B7370616E207374796C653D2671756F743B6261636B67726F756E642D636F6C6F723A233233323532353B2671756F743B2667743B282169735F64697228266C743B2F7370616E2667743B266C743B7370616E207374796C653D2671756F743B636F6C6F723A233938373661613B6261636B67726F756E642D636F6C6F723A233233323532353B2671756F743B2667743B2466696C65266C743B2F7370616E2667743B266C743B7370616E207374796C653D2671756F743B6261636B67726F756E642D636F6C6F723A233233323532353B2671756F743B2667743B2929266C743B62722667743B266C743B2F7370616E2667743B266C743B7370616E207374796C653D2671756F743B6261636B67726F756E642D636F6C6F723A233233323532353B2671756F743B2667743B2020202020202020202020207B266C743B62722667743B266C743B2F7370616E2667743B266C743B7370616E207374796C653D2671756F743B6261636B67726F756E642D636F6C6F723A233233323532353B2671756F743B2667743B202020202020202020202020202020266C743B2F7370616E2667743B266C743B7370616E207374796C653D2671756F743B636F6C6F723A236363373833323B6261636B67726F756E642D636F6C6F723A233233323532353B666F6E742D7765696768743A626F6C643B2671756F743B2667743B6966266C743B2F7370616E2667743B266C743B7370616E207374796C653D2671756F743B6261636B67726F756E642D636F6C6F723A233233323532353B2671756F743B2667743B28266C743B2F7370616E2667743B266C743B7370616E207374796C653D2671756F743B636F6C6F723A233938373661613B6261636B67726F756E642D636F6C6F723A233233323532353B2671756F743B2667743B246D6F646520266C743B2F7370616E2667743B266C743B7370616E207374796C653D2671756F743B6261636B67726F756E642D636F6C6F723A233233323532353B2671756F743B2667743B213D20266C743B2F7370616E2667743B266C743B7370616E207374796C653D2671756F743B636F6C6F723A233661383735393B6261636B67726F756E642D636F6C6F723A233233323532353B2671756F743B2667743B2671756F743B444952532671756F743B266C743B2F7370616E2667743B266C743B7370616E207374796C653D2671756F743B6261636B67726F756E642D636F6C6F723A233233323532353B2671756F743B2667743B29266C743B62722667743B266C743B2F7370616E2667743B266C743B7370616E207374796C653D2671756F743B6261636B67726F756E642D636F6C6F723A233233323532353B2671756F743B2667743B2020202020202020202020202020207B266C743B62722667743B266C743B2F7370616E2667743B266C743B7370616E207374796C653D2671756F743B6261636B67726F756E642D636F6C6F723A233233323532353B2671756F743B2667743B202020202020202020202020202020202020266C743B2F7370616E2667743B266C743B7370616E207374796C653D2671756F743B636F6C6F723A233938373661613B6261636B67726F756E642D636F6C6F723A233233323532353B2671756F743B2667743B24657874656E73696F6E20266C743B2F7370616E2667743B266C743B7370616E207374796C653D2671756F743B6261636B67726F756E642D636F6C6F723A233233323532353B2671756F743B2667743B3D20266C743B2F7370616E2667743B266C743B7370616E207374796C653D2671756F743B636F6C6F723A233661383735393B6261636B67726F756E642D636F6C6F723A233233323532353B2671756F743B2667743B2671756F743B2671756F743B266C743B2F7370616E2667743B266C743B7370616E207374796C653D2671756F743B636F6C6F723A236363373833323B6261636B67726F756E642D636F6C6F723A233233323532353B2671756F743B2667743B3B266C743B62722667743B266C743B2F7370616E2667743B266C743B7370616E207374796C653D2671756F743B636F6C6F723A236363373833323B6261636B67726F756E642D636F6C6F723A233233323532353B2671756F743B2667743B202020202020202020202020202020202020266C743B2F7370616E2667743B266C743B7370616E207374796C653D2671756F743B636F6C6F723A233938373661613B6261636B67726F756E642D636F6C6F723A233233323532353B2671756F743B2667743B24657874706F7320266C743B2F7370616E2667743B266C743B7370616E207374796C653D2671756F743B6261636B67726F756E642D636F6C6F723A233233323532353B2671756F743B2667743B3D2073747272706F7328266C743B2F7370616E2667743B266C743B7370616E207374796C653D2671756F743B636F6C6F723A233938373661613B6261636B67726F756E642D636F6C6F723A233233323532353B2671756F743B2667743B2466696C65266C743B2F7370616E2667743B266C743B7370616E207374796C653D2671756F743B636F6C6F723A236363373833323B6261636B67726F756E642D636F6C6F723A233233323532353B2671756F743B2667743B2C20266C743B2F7370616E2667743B266C743B7370616E207374796C653D2671756F743B636F6C6F723A233661383735393B6261636B67726F756E642D636F6C6F723A233233323532353B2671756F743B2667743B272E27266C743B2F7370616E2667743B266C743B7370616E207374796C653D2671756F743B6261636B67726F756E642D636F6C6F723A233233323532353B2671756F743B2667743B29266C743B2F7370616E2667743B266C743B7370616E207374796C653D2671756F743B636F6C6F723A236363373833323B6261636B67726F756E642D636F6C6F723A233233323532353B2671756F743B2667743B3B266C743B62722667743B266C743B2F7370616E2667743B266C743B7370616E207374796C653D2671756F743B636F6C6F723A236363373833323B6261636B67726F756E642D636F6C6F723A233233323532353B2671756F743B2667743B202020202020202020202020202020202020266C743B2F7370616E2667743B266C743B7370616E207374796C653D2671756F743B636F6C6F723A236363373833323B6261636B67726F756E642D636F6C6F723A233233323532353B666F6E742D7765696768743A626F6C643B2671756F743B2667743B6966266C743B2F7370616E2667743B266C743B7370616E207374796C653D2671756F743B6261636B67726F756E642D636F6C6F723A233233323532353B2671756F743B2667743B28266C743B2F7370616E2667743B266C743B7370616E207374796C653D2671756F743B636F6C6F723A233938373661613B6261636B67726F756E642D636F6C6F723A233233323532353B2671756F743B2667743B24657874706F73266C743B2F7370616E2667743B266C743B7370616E207374796C653D2671756F743B6261636B67726F756E642D636F6C6F723A233233323532353B2671756F743B2667743B213D3D266C743B2F7370616E2667743B266C743B7370616E207374796C653D2671756F743B636F6C6F723A236363373833323B6261636B67726F756E642D636F6C6F723A233233323532353B666F6E742D7765696768743A626F6C643B2671756F743B2667743B66616C7365266C743B2F7370616E2667743B266C743B7370616E207374796C653D2671756F743B6261636B67726F756E642D636F6C6F723A233233323532353B2671756F743B2667743B29266C743B62722667743B266C743B2F7370616E2667743B266C743B7370616E207374796C653D2671756F743B6261636B67726F756E642D636F6C6F723A233233323532353B2671756F743B2667743B202020202020202020202020202020202020202020266C743B2F7370616E2667743B266C743B7370616E207374796C653D2671756F743B636F6C6F723A233938373661613B6261636B67726F756E642D636F6C6F723A233233323532353B2671756F743B2667743B24657874656E73696F6E20266C743B2F7370616E2667743B266C743B7370616E207374796C653D2671756F743B6261636B67726F756E642D636F6C6F723A233233323532353B2671756F743B2667743B3D2073756273747228266C743B2F7370616E2667743B266C743B7370616E207374796C653D2671756F743B636F6C6F723A233938373661613B6261636B67726F756E642D636F6C6F723A233233323532353B2671756F743B2667743B2466696C65266C743B2F7370616E2667743B266C743B7370616E207374796C653D2671756F743B636F6C6F723A236363373833323B6261636B67726F756E642D636F6C6F723A233233323532353B2671756F743B2667743B2C266C743B2F7370616E2667743B266C743B7370616E207374796C653D2671756F743B636F6C6F723A233938373661613B6261636B67726F756E642D636F6C6F723A233233323532353B2671756F743B2667743B24657874706F73266C743B2F7370616E2667743B266C743B7370616E207374796C653D2671756F743B636F6C6F723A236363373833323B6261636B67726F756E642D636F6C6F723A233233323532353B2671756F743B2667743B2C266C743B2F7370616E2667743B266C743B7370616E207374796C653D2671756F743B6261636B67726F756E642D636F6C6F723A233233323532353B2671756F743B2667743B7374726C656E28266C743B2F7370616E2667743B266C743B7370616E207374796C653D2671756F743B636F6C6F723A233938373661613B6261636B67726F756E642D636F6C6F723A233233323532353B2671756F743B2667743B2466696C65266C743B2F7370616E2667743B266C743B7370616E207374796C653D2671756F743B6261636B67726F756E642D636F6C6F723A233233323532353B2671756F743B2667743B292D266C743B2F7370616E2667743B266C743B7370616E207374796C653D2671756F743B636F6C6F723A233938373661613B6261636B67726F756E642D636F6C6F723A233233323532353B2671756F743B2667743B24657874706F73266C743B2F7370616E2667743B266C743B7370616E207374796C653D2671756F743B6261636B67726F756E642D636F6C6F723A233233323532353B2671756F743B2667743B29266C743B2F7370616E2667743B266C743B7370616E207374796C653D2671756F743B636F6C6F723A236363373833323B6261636B67726F756E642D636F6C6F723A233233323532353B2671756F743B2667743B3B266C743B62722667743B266C743B2F7370616E2667743B266C743B7370616E207374796C653D2671756F743B636F6C6F723A236363373833323B6261636B67726F756E642D636F6C6F723A233233323532353B2671756F743B2667743B202020202020202020202020202020202020266C743B2F7370616E2667743B266C743B7370616E207374796C653D2671756F743B636F6C6F723A233938373661613B6261636B67726F756E642D636F6C6F723A233233323532353B2671756F743B2667743B24657874656E73696F6E266C743B2F7370616E2667743B266C743B7370616E207374796C653D2671756F743B6261636B67726F756E642D636F6C6F723A233233323532353B2671756F743B2667743B3D737472746F6C6F77657228266C743B2F7370616E2667743B266C743B7370616E207374796C653D2671756F743B636F6C6F723A233938373661613B6261636B67726F756E642D636F6C6F723A233233323532353B2671756F743B2667743B24657874656E73696F6E266C743B2F7370616E2667743B266C743B7370616E207374796C653D2671756F743B6261636B67726F756E642D636F6C6F723A233233323532353B2671756F743B2667743B29266C743B2F7370616E2667743B266C743B7370616E207374796C653D2671756F743B636F6C6F723A236363373833323B6261636B67726F756E642D636F6C6F723A233233323532353B2671756F743B2667743B3B266C743B62722667743B266C743B2F7370616E2667743B266C743B7370616E207374796C653D2671756F743B636F6C6F723A236363373833323B6261636B67726F756E642D636F6C6F723A233233323532353B2671756F743B2667743B202020202020202020202020202020202020266C743B2F7370616E2667743B266C743B7370616E207374796C653D2671756F743B636F6C6F723A236363373833323B6261636B67726F756E642D636F6C6F723A233233323532353B666F6E742D7765696768743A626F6C643B2671756F743B2667743B6966266C743B2F7370616E2667743B266C743B7370616E207374796C653D2671756F743B6261636B67726F756E642D636F6C6F723A233233323532353B2671756F743B2667743B28696E5F617272617928266C743B2F7370616E2667743B266C743B7370616E207374796C653D2671756F743B636F6C6F723A233938373661613B6261636B67726F756E642D636F6C6F723A233233323532353B2671756F743B2667743B24657874656E73696F6E266C743B2F7370616E2667743B266C743B7370616E207374796C653D2671756F743B636F6C6F723A236363373833323B6261636B67726F756E642D636F6C6F723A233233323532353B2671756F743B2667743B2C20266C743B2F7370616E2667743B266C743B7370616E207374796C653D2671756F743B636F6C6F723A233938373661613B6261636B67726F756E642D636F6C6F723A233233323532353B2671756F743B2667743B2466696C655F7479706573266C743B2F7370616E2667743B266C743B7370616E207374796C653D2671756F743B6261636B67726F756E642D636F6C6F723A233233323532353B2671756F743B2667743B2929266C743B62722667743B266C743B2F7370616E2667743B266C743B7370616E207374796C653D2671756F743B6261636B67726F756E642D636F6C6F723A233233323532353B2671756F743B2667743B202020202020202020202020202020202020202020266C743B2F7370616E2667743B266C743B7370616E207374796C653D2671756F743B636F6C6F723A233938373661613B6261636B67726F756E642D636F6C6F723A233233323532353B2671756F743B2667743B246469726C697374266C743B2F7370616E2667743B266C743B7370616E207374796C653D2671756F743B6261636B67726F756E642D636F6C6F723A233233323532353B2671756F743B2667743B5B5D203D20266C743B2F7370616E2667743B266C743B7370616E207374796C653D2671756F743B636F6C6F723A233938373661613B6261636B67726F756E642D636F6C6F723A233233323532353B2671756F743B2667743B2466696C65266C743B2F7370616E2667743B266C743B7370616E207374796C653D2671756F743B636F6C6F723A236363373833323B6261636B67726F756E642D636F6C6F723A233233323532353B2671756F743B2667743B3B266C743B62722667743B266C743B2F7370616E2667743B266C743B7370616E207374796C653D2671756F743B636F6C6F723A236363373833323B6261636B67726F756E642D636F6C6F723A233233323532353B2671756F743B2667743B202020202020202020202020202020266C743B2F7370616E2667743B266C743B7370616E207374796C653D2671756F743B6261636B67726F756E642D636F6C6F723A233233323532353B2671756F743B2667743B7D266C743B62722667743B266C743B2F7370616E2667743B266C743B7370616E207374796C653D2671756F743B6261636B67726F756E642D636F6C6F723A233233323532353B2671756F743B2667743B2020202020202020202020207D266C743B62722667743B266C743B2F7370616E2667743B266C743B7370616E207374796C653D2671756F743B6261636B67726F756E642D636F6C6F723A233233323532353B2671756F743B2667743B202020202020202020202020266C743B2F7370616E2667743B266C743B7370616E207374796C653D2671756F743B636F6C6F723A236363373833323B6261636B67726F756E642D636F6C6F723A233233323532353B666F6E742D7765696768743A626F6C643B2671756F743B2667743B656C73656966266C743B2F7370616E2667743B266C743B7370616E207374796C653D2671756F743B6261636B67726F756E642D636F6C6F723A233233323532353B2671756F743B2667743B28266C743B2F7370616E2667743B266C743B7370616E207374796C653D2671756F743B636F6C6F723A233938373661613B6261636B67726F756E642D636F6C6F723A233233323532353B2671756F743B2667743B246420266C743B2F7370616E2667743B266C743B7370616E207374796C653D2671756F743B6261636B67726F756E642D636F6C6F723A233233323532353B2671756F743B2667743B26616D703B67743B3D20266C743B2F7370616E2667743B266C743B7370616E207374796C653D2671756F743B636F6C6F723A233638393762623B6261636B67726F756E642D636F6C6F723A233233323532353B2671756F743B2667743B3020266C743B2F7370616E2667743B266C743B7370616E207374796C653D2671756F743B6261636B67726F756E642D636F6C6F723A233233323532353B2671756F743B2667743B26616D703B616D703B26616D703B616D703B2028266C743B2F7370616E2667743B266C743B7370616E207374796C653D2671756F743B636F6C6F723A233938373661613B6261636B67726F756E642D636F6C6F723A233233323532353B2671756F743B2667743B246420266C743B2F7370616E2667743B266C743B7370616E207374796C653D2671756F743B6261636B67726F756E642D636F6C6F723A233233323532353B2671756F743B2667743B26616D703B6C743B20266C743B2F7370616E2667743B266C743B7370616E207374796C653D2671756F743B636F6C6F723A233938373661613B6261636B67726F756E642D636F6C6F723A233233323532353B2671756F743B2667743B246D6178646570746820266C743B2F7370616E2667743B266C743B7370616E207374796C653D2671756F743B6261636B67726F756E642D636F6C6F723A233233323532353B2671756F743B2667743B7C7C20266C743B2F7370616E2667743B266C743B7370616E207374796C653D2671756F743B636F6C6F723A233938373661613B6261636B67726F756E642D636F6C6F723A233233323532353B2671756F743B2667743B246D6178646570746820266C743B2F7370616E2667743B266C743B7370616E207374796C653D2671756F743B6261636B67726F756E642D636F6C6F723A233233323532353B2671756F743B2667743B26616D703B6C743B20266C743B2F7370616E2667743B266C743B7370616E207374796C653D2671756F743B636F6C6F723A233638393762623B6261636B67726F756E642D636F6C6F723A233233323532353B2671756F743B2667743B30266C743B2F7370616E2667743B266C743B7370616E207374796C653D2671756F743B6261636B67726F756E642D636F6C6F723A233233323532353B2671756F743B2667743B2929266C743B62722667743B266C743B2F7370616E2667743B266C743B7370616E207374796C653D2671756F743B6261636B67726F756E642D636F6C6F723A233233323532353B2671756F743B2667743B2020202020202020202020207B266C743B62722667743B266C743B2F7370616E2667743B266C743B7370616E207374796C653D2671756F743B6261636B67726F756E642D636F6C6F723A233233323532353B2671756F743B2667743B202020202020202020202020202020266C743B2F7370616E2667743B266C743B7370616E207374796C653D2671756F743B636F6C6F723A233938373661613B6261636B67726F756E642D636F6C6F723A233233323532353B2671756F743B2667743B24726573756C7420266C743B2F7370616E2667743B266C743B7370616E207374796C653D2671756F743B6261636B67726F756E642D636F6C6F723A233233323532353B2671756F743B2667743B3D20266C743B2F7370616E2667743B266C743B7370616E207374796C653D2671756F743B636F6C6F723A236363373833323B6261636B67726F756E642D636F6C6F723A233233323532353B666F6E742D7765696768743A626F6C643B2671756F743B2667743B73656C66266C743B2F7370616E2667743B266C743B7370616E207374796C653D2671756F743B6261636B67726F756E642D636F6C6F723A233233323532353B2671756F743B2667743B3A3A266C743B2F7370616E2667743B266C743B7370616E207374796C653D2671756F743B636F6C6F723A236666633636643B6261636B67726F756E642D636F6C6F723A233233323532353B666F6E742D7374796C653A6974616C69633B2671756F743B2667743B736561726368646972266C743B2F7370616E2667743B266C743B7370616E207374796C653D2671756F743B6261636B67726F756E642D636F6C6F723A233233323532353B2671756F743B2667743B28266C743B2F7370616E2667743B266C743B7370616E207374796C653D2671756F743B636F6C6F723A233938373661613B6261636B67726F756E642D636F6C6F723A233233323532353B2671756F743B2667743B2466696C65266C743B2F7370616E2667743B266C743B7370616E207374796C653D2671756F743B6261636B67726F756E642D636F6C6F723A233233323532353B2671756F743B2667743B2E266C743B2F7370616E2667743B266C743B7370616E207374796C653D2671756F743B636F6C6F723A233661383735393B6261636B67726F756E642D636F6C6F723A233233323532353B2671756F743B2667743B272F27266C743B2F7370616E2667743B266C743B7370616E207374796C653D2671756F743B636F6C6F723A236363373833323B6261636B67726F756E642D636F6C6F723A233233323532353B2671756F743B2667743B2C266C743B2F7370616E2667743B266C743B7370616E207374796C653D2671756F743B636F6C6F723A233938373661613B6261636B67726F756E642D636F6C6F723A233233323532353B2671756F743B2667743B246D6F6465266C743B2F7370616E2667743B266C743B7370616E207374796C653D2671756F743B636F6C6F723A236363373833323B6261636B67726F756E642D636F6C6F723A233233323532353B2671756F743B2667743B2C266C743B2F7370616E2667743B266C743B7370616E207374796C653D2671756F743B636F6C6F723A233938373661613B6261636B67726F756E642D636F6C6F723A233233323532353B2671756F743B2667743B2466696C655F7479706573266C743B2F7370616E2667743B266C743B7370616E207374796C653D2671756F743B636F6C6F723A236363373833323B6261636B67726F756E642D636F6C6F723A233233323532353B2671756F743B2667743B2C266C743B2F7370616E2667743B266C743B7370616E207374796C653D2671756F743B636F6C6F723A233938373661613B6261636B67726F756E642D636F6C6F723A233233323532353B2671756F743B2667743B246D61786465707468266C743B2F7370616E2667743B266C743B7370616E207374796C653D2671756F743B636F6C6F723A236363373833323B6261636B67726F756E642D636F6C6F723A233233323532353B2671756F743B2667743B2C266C743B2F7370616E2667743B266C743B7370616E207374796C653D2671756F743B636F6C6F723A233938373661613B6261636B67726F756E642D636F6C6F723A233233323532353B2671756F743B2667743B246420266C743B2F7370616E2667743B266C743B7370616E207374796C653D2671756F743B6261636B67726F756E642D636F6C6F723A233233323532353B2671756F743B2667743B2B20266C743B2F7370616E2667743B266C743B7370616E207374796C653D2671756F743B636F6C6F723A233638393762623B6261636B67726F756E642D636F6C6F723A233233323532353B2671756F743B2667743B31266C743B2F7370616E2667743B266C743B7370616E207374796C653D2671756F743B6261636B67726F756E642D636F6C6F723A233233323532353B2671756F743B2667743B2920266C743B2F7370616E2667743B266C743B7370616E207374796C653D2671756F743B636F6C6F723A236363373833323B6261636B67726F756E642D636F6C6F723A233233323532353B2671756F743B2667743B3B266C743B62722667743B266C743B2F7370616E2667743B266C743B7370616E207374796C653D2671756F743B636F6C6F723A236363373833323B6261636B67726F756E642D636F6C6F723A233233323532353B2671756F743B2667743B202020202020202020202020202020266C743B2F7370616E2667743B266C743B7370616E207374796C653D2671756F743B636F6C6F723A233938373661613B6261636B67726F756E642D636F6C6F723A233233323532353B2671756F743B2667743B246469726C69737420266C743B2F7370616E2667743B266C743B7370616E207374796C653D2671756F743B6261636B67726F756E642D636F6C6F723A233233323532353B2671756F743B2667743B3D2061727261795F6D6572676528266C743B2F7370616E2667743B266C743B7370616E207374796C653D2671756F743B636F6C6F723A233938373661613B6261636B67726F756E642D636F6C6F723A233233323532353B2671756F743B2667743B246469726C697374266C743B2F7370616E2667743B266C743B7370616E207374796C653D2671756F743B636F6C6F723A236363373833323B6261636B67726F756E642D636F6C6F723A233233323532353B2671756F743B2667743B2C266C743B2F7370616E2667743B266C743B7370616E207374796C653D2671756F743B636F6C6F723A233938373661613B6261636B67726F756E642D636F6C6F723A233233323532353B2671756F743B2667743B24726573756C74266C743B2F7370616E2667743B266C743B7370616E207374796C653D2671756F743B6261636B67726F756E642D636F6C6F723A233233323532353B2671756F743B2667743B29266C743B2F7370616E2667743B266C743B7370616E207374796C653D2671756F743B636F6C6F723A236363373833323B6261636B67726F756E642D636F6C6F723A233233323532353B2671756F743B2667743B3B266C743B62722667743B266C743B2F7370616E2667743B266C743B7370616E207374796C653D2671756F743B636F6C6F723A236363373833323B6261636B67726F756E642D636F6C6F723A233233323532353B2671756F743B2667743B202020202020202020202020266C743B2F7370616E2667743B266C743B7370616E207374796C653D2671756F743B6261636B67726F756E642D636F6C6F723A233233323532353B2671756F743B2667743B7D266C743B62722667743B266C743B2F7370616E2667743B266C743B7370616E207374796C653D2671756F743B6261636B67726F756E642D636F6C6F723A233233323532353B2671756F743B2667743B2020202020202020207D266C743B62722667743B266C743B2F7370616E2667743B266C743B7370616E207374796C653D2671756F743B6261636B67726F756E642D636F6C6F723A233233323532353B2671756F743B2667743B2020202020207D266C743B62722667743B266C743B2F7370616E2667743B266C743B7370616E207374796C653D2671756F743B6261636B67726F756E642D636F6C6F723A233233323532353B2671756F743B2667743B202020202020636C6F7365646972202820266C743B2F7370616E2667743B266C743B7370616E207374796C653D2671756F743B636F6C6F723A233938373661613B6261636B67726F756E642D636F6C6F723A233233323532353B2671756F743B2667743B2468616E646C6520266C743B2F7370616E2667743B266C743B7370616E207374796C653D2671756F743B6261636B67726F756E642D636F6C6F723A233233323532353B2671756F743B2667743B2920266C743B2F7370616E2667743B266C743B7370616E207374796C653D2671756F743B636F6C6F723A236363373833323B6261636B67726F756E642D636F6C6F723A233233323532353B2671756F743B2667743B3B266C743B62722667743B266C743B2F7370616E2667743B266C743B7370616E207374796C653D2671756F743B636F6C6F723A236363373833323B6261636B67726F756E642D636F6C6F723A233233323532353B2671756F743B2667743B202020266C743B2F7370616E2667743B266C743B7370616E207374796C653D2671756F743B6261636B67726F756E642D636F6C6F723A233233323532353B2671756F743B2667743B7D266C743B62722667743B266C743B2F7370616E2667743B266C743B7370616E207374796C653D2671756F743B6261636B67726F756E642D636F6C6F723A233233323532353B2671756F743B2667743B202020266C743B2F7370616E2667743B266C743B7370616E207374796C653D2671756F743B636F6C6F723A236363373833323B6261636B67726F756E642D636F6C6F723A233233323532353B666F6E742D7765696768743A626F6C643B2671756F743B2667743B6966266C743B2F7370616E2667743B266C743B7370616E207374796C653D2671756F743B6261636B67726F756E642D636F6C6F723A233233323532353B2671756F743B2667743B28266C743B2F7370616E2667743B266C743B7370616E207374796C653D2671756F743B636F6C6F723A233938373661613B6261636B67726F756E642D636F6C6F723A233233323532353B2671756F743B2667743B246420266C743B2F7370616E2667743B266C743B7370616E207374796C653D2671756F743B6261636B67726F756E642D636F6C6F723A233233323532353B2671756F743B2667743B3D3D20266C743B2F7370616E2667743B266C743B7370616E207374796C653D2671756F743B636F6C6F723A233638393762623B6261636B67726F756E642D636F6C6F723A233233323532353B2671756F743B2667743B30266C743B2F7370616E2667743B266C743B7370616E207374796C653D2671756F743B6261636B67726F756E642D636F6C6F723A233233323532353B2671756F743B2667743B29266C743B62722667743B266C743B2F7370616E2667743B266C743B7370616E207374796C653D2671756F743B6261636B67726F756E642D636F6C6F723A233233323532353B2671756F743B2667743B2020202020206E617463617365736F727428266C743B2F7370616E2667743B266C743B7370616E207374796C653D2671756F743B636F6C6F723A233938373661613B6261636B67726F756E642D636F6C6F723A233233323532353B2671756F743B2667743B246469726C697374266C743B2F7370616E2667743B266C743B7370616E207374796C653D2671756F743B6261636B67726F756E642D636F6C6F723A233233323532353B2671756F743B2667743B29266C743B2F7370616E2667743B266C743B7370616E207374796C653D2671756F743B636F6C6F723A236363373833323B6261636B67726F756E642D636F6C6F723A233233323532353B2671756F743B2667743B3B266C743B62722667743B266C743B2F7370616E2667743B266C743B7370616E207374796C653D2671756F743B636F6C6F723A236363373833323B6261636B67726F756E642D636F6C6F723A233233323532353B2671756F743B2667743B266C743B62722667743B266C743B2F7370616E2667743B266C743B7370616E207374796C653D2671756F743B636F6C6F723A236363373833323B6261636B67726F756E642D636F6C6F723A233233323532353B2671756F743B2667743B202020266C743B2F7370616E2667743B266C743B7370616E207374796C653D2671756F743B636F6C6F723A236363373833323B6261636B67726F756E642D636F6C6F723A233233323532353B666F6E742D7765696768743A626F6C643B2671756F743B2667743B72657475726E266C743B2F7370616E2667743B266C743B7370616E207374796C653D2671756F743B6261636B67726F756E642D636F6C6F723A233233323532353B2671756F743B2667743B28266C743B2F7370616E2667743B266C743B7370616E207374796C653D2671756F743B636F6C6F723A233938373661613B6261636B67726F756E642D636F6C6F723A233233323532353B2671756F743B2667743B246469726C697374266C743B2F7370616E2667743B266C743B7370616E207374796C653D2671756F743B6261636B67726F756E642D636F6C6F723A233233323532353B2671756F743B2667743B2920266C743B2F7370616E2667743B266C743B7370616E207374796C653D2671756F743B636F6C6F723A236363373833323B6261636B67726F756E642D636F6C6F723A233233323532353B2671756F743B2667743B3B266C743B62722667743B266C743B2F7370616E2667743B266C743B7370616E207374796C653D2671756F743B6261636B67726F756E642D636F6C6F723A233233323532353B2671756F743B2667743B7D266C743B2F7370616E2667743B266C743B2F636F64652667743B266C743B2F7072652667743B',1,X'31353134333632373336373838',X'31353134333632373336373838',1,NULL),
	(11,X'436F64655465737432',47,4,0,1,X'266C743B7072652667743B266C743B636F646520636C6173733D2671756F743B6C616E672D7068702671756F743B2667743B266C743B7370616E207374796C653D2671756F743B6261636B67726F756E642D636F6C6F723A233233323532353B2671756F743B2667743B20202020266C743B2F7370616E2667743B266C743B7370616E207374796C653D2671756F743B636F6C6F723A236363373833323B6261636B67726F756E642D636F6C6F723A233233323532353B666F6E742D7765696768743A626F6C643B2671756F743B2667743B737769746368266C743B2F7370616E2667743B266C743B7370616E207374796C653D2671756F743B6261636B67726F756E642D636F6C6F723A233233323532353B2671756F743B2667743B28266C743B2F7370616E2667743B266C743B7370616E207374796C653D2671756F743B636F6C6F723A233938373661613B6261636B67726F756E642D636F6C6F723A233233323532353B2671756F743B2667743B2474686973266C743B2F7370616E2667743B266C743B7370616E207374796C653D2671756F743B6261636B67726F756E642D636F6C6F723A233233323532353B2671756F743B2667743B2D26616D703B67743B266C743B2F7370616E2667743B266C743B7370616E207374796C653D2671756F743B636F6C6F723A236666633636643B6261636B67726F756E642D636F6C6F723A233233323532353B2671756F743B2667743B5F666F726D617443757264266C743B2F7370616E2667743B266C743B7370616E207374796C653D2671756F743B6261636B67726F756E642D636F6C6F723A233233323532353B2671756F743B2667743B282929266C743B62722667743B266C743B2F7370616E2667743B266C743B7370616E207374796C653D2671756F743B6261636B67726F756E642D636F6C6F723A233233323532353B2671756F743B2667743B202020207B266C743B62722667743B266C743B2F7370616E2667743B266C743B7370616E207374796C653D2671756F743B6261636B67726F756E642D636F6C6F723A233233323532353B2671756F743B2667743B2020202020202020266C743B2F7370616E2667743B266C743B7370616E207374796C653D2671756F743B636F6C6F723A236363373833323B6261636B67726F756E642D636F6C6F723A233233323532353B666F6E742D7765696768743A626F6C643B2671756F743B2667743B6361736520266C743B2F7370616E2667743B266C743B7370616E207374796C653D2671756F743B636F6C6F723A233661383735393B6261636B67726F756E642D636F6C6F723A233233323532353B2671756F743B2667743B2763726561746527266C743B2F7370616E2667743B266C743B7370616E207374796C653D2671756F743B6261636B67726F756E642D636F6C6F723A233233323532353B2671756F743B2667743B3A266C743B62722667743B266C743B2F7370616E2667743B266C743B7370616E207374796C653D2671756F743B6261636B67726F756E642D636F6C6F723A233233323532353B2671756F743B2667743B202020202020202020202020266C743B2F7370616E2667743B266C743B7370616E207374796C653D2671756F743B636F6C6F723A236363373833323B6261636B67726F756E642D636F6C6F723A233233323532353B666F6E742D7765696768743A626F6C643B2671756F743B2667743B6966266C743B2F7370616E2667743B266C743B7370616E207374796C653D2671756F743B6261636B67726F756E642D636F6C6F723A233233323532353B2671756F743B2667743B28266C743B2F7370616E2667743B266C743B7370616E207374796C653D2671756F743B636F6C6F723A233938373661613B6261636B67726F756E642D636F6C6F723A233233323532353B666F6E742D7374796C653A6974616C69633B2671756F743B2667743B49535F504F5354266C743B2F7370616E2667743B266C743B7370616E207374796C653D2671756F743B6261636B67726F756E642D636F6C6F723A233233323532353B2671756F743B2667743B29266C743B62722667743B266C743B2F7370616E2667743B266C743B7370616E207374796C653D2671756F743B6261636B67726F756E642D636F6C6F723A233233323532353B2671756F743B2667743B2020202020202020202020207B266C743B62722667743B266C743B2F7370616E2667743B266C743B7370616E207374796C653D2671756F743B6261636B67726F756E642D636F6C6F723A233233323532353B2671756F743B2667743B202020202020202020202020202020204428266C743B2F7370616E2667743B266C743B7370616E207374796C653D2671756F743B636F6C6F723A233661383735393B6261636B67726F756E642D636F6C6F723A233233323532353B2671756F743B2667743B2741727469636C6527266C743B2F7370616E2667743B266C743B7370616E207374796C653D2671756F743B6261636B67726F756E642D636F6C6F723A233233323532353B2671756F743B2667743B292D26616D703B67743B266C743B2F7370616E2667743B266C743B7370616E207374796C653D2671756F743B636F6C6F723A236666633636643B6261636B67726F756E642D636F6C6F723A233233323532353B2671756F743B2667743B63726561746543617465676F7279266C743B2F7370616E2667743B266C743B7370616E207374796C653D2671756F743B6261636B67726F756E642D636F6C6F723A233233323532353B2671756F743B2667743B284928266C743B2F7370616E2667743B266C743B7370616E207374796C653D2671756F743B636F6C6F723A233661383735393B6261636B67726F756E642D636F6C6F723A233233323532353B2671756F743B2667743B27706F73742E27266C743B2F7370616E2667743B266C743B7370616E207374796C653D2671756F743B636F6C6F723A236363373833323B6261636B67726F756E642D636F6C6F723A233233323532353B2671756F743B2667743B2C266C743B2F7370616E2667743B266C743B7370616E207374796C653D2671756F743B636F6C6F723A233661383735393B6261636B67726F756E642D636F6C6F723A233233323532353B2671756F743B2667743B2727266C743B2F7370616E2667743B266C743B7370616E207374796C653D2671756F743B636F6C6F723A236363373833323B6261636B67726F756E642D636F6C6F723A233233323532353B2671756F743B2667743B2C266C743B2F7370616E2667743B266C743B7370616E207374796C653D2671756F743B636F6C6F723A233661383735393B6261636B67726F756E642D636F6C6F723A233233323532353B2671756F743B2667743B2768746D6C7370656369616C636861727327266C743B2F7370616E2667743B266C743B7370616E207374796C653D2671756F743B6261636B67726F756E642D636F6C6F723A233233323532353B2671756F743B2667743B2929266C743B2F7370616E2667743B266C743B7370616E207374796C653D2671756F743B636F6C6F723A236363373833323B6261636B67726F756E642D636F6C6F723A233233323532353B2671756F743B2667743B3B266C743B62722667743B266C743B2F7370616E2667743B266C743B7370616E207374796C653D2671756F743B636F6C6F723A236363373833323B6261636B67726F756E642D636F6C6F723A233233323532353B2671756F743B2667743B202020202020202020202020266C743B2F7370616E2667743B266C743B7370616E207374796C653D2671756F743B6261636B67726F756E642D636F6C6F723A233233323532353B2671756F743B2667743B7D266C743B62722667743B266C743B2F7370616E2667743B266C743B7370616E207374796C653D2671756F743B6261636B67726F756E642D636F6C6F723A233233323532353B2671756F743B2667743B202020202020202020202020266C743B2F7370616E2667743B266C743B7370616E207374796C653D2671756F743B636F6C6F723A233938373661613B6261636B67726F756E642D636F6C6F723A233233323532353B2671756F743B2667743B2474686973266C743B2F7370616E2667743B266C743B7370616E207374796C653D2671756F743B6261636B67726F756E642D636F6C6F723A233233323532353B2671756F743B2667743B2D26616D703B67743B266C743B2F7370616E2667743B266C743B7370616E207374796C653D2671756F743B636F6C6F723A236666633636643B6261636B67726F756E642D636F6C6F723A233233323532353B2671756F743B2667743B646973706C6179266C743B2F7370616E2667743B266C743B7370616E207374796C653D2671756F743B6261636B67726F756E642D636F6C6F723A233233323532353B2671756F743B2667743B28266C743B2F7370616E2667743B266C743B7370616E207374796C653D2671756F743B636F6C6F723A233661383735393B6261636B67726F756E642D636F6C6F723A233233323532353B2671756F743B2667743B2763617465676F727963726561746527266C743B2F7370616E2667743B266C743B7370616E207374796C653D2671756F743B6261636B67726F756E642D636F6C6F723A233233323532353B2671756F743B2667743B29266C743B2F7370616E2667743B266C743B7370616E207374796C653D2671756F743B636F6C6F723A236363373833323B6261636B67726F756E642D636F6C6F723A233233323532353B2671756F743B2667743B3B266C743B62722667743B266C743B2F7370616E2667743B266C743B7370616E207374796C653D2671756F743B636F6C6F723A236363373833323B6261636B67726F756E642D636F6C6F723A233233323532353B2671756F743B2667743B202020202020202020202020266C743B2F7370616E2667743B266C743B7370616E207374796C653D2671756F743B636F6C6F723A236363373833323B6261636B67726F756E642D636F6C6F723A233233323532353B666F6E742D7765696768743A626F6C643B2671756F743B2667743B627265616B266C743B2F7370616E2667743B266C743B7370616E207374796C653D2671756F743B636F6C6F723A236363373833323B6261636B67726F756E642D636F6C6F723A233233323532353B2671756F743B2667743B3B266C743B62722667743B266C743B2F7370616E2667743B266C743B7370616E207374796C653D2671756F743B636F6C6F723A236363373833323B6261636B67726F756E642D636F6C6F723A233233323532353B2671756F743B2667743B2020202020202020266C743B2F7370616E2667743B266C743B7370616E207374796C653D2671756F743B636F6C6F723A236363373833323B6261636B67726F756E642D636F6C6F723A233233323532353B666F6E742D7765696768743A626F6C643B2671756F743B2667743B64656661756C74266C743B2F7370616E2667743B266C743B7370616E207374796C653D2671756F743B6261636B67726F756E642D636F6C6F723A233233323532353B2671756F743B2667743B3A266C743B62722667743B266C743B2F7370616E2667743B266C743B7370616E207374796C653D2671756F743B6261636B67726F756E642D636F6C6F723A233233323532353B2671756F743B2667743B202020202020202020202020266C743B2F7370616E2667743B266C743B7370616E207374796C653D2671756F743B636F6C6F723A233938373661613B6261636B67726F756E642D636F6C6F723A233233323532353B2671756F743B2667743B24636174655472656552657320266C743B2F7370616E2667743B266C743B7370616E207374796C653D2671756F743B6261636B67726F756E642D636F6C6F723A233233323532353B2671756F743B2667743B3D204428266C743B2F7370616E2667743B266C743B7370616E207374796C653D2671756F743B636F6C6F723A233661383735393B6261636B67726F756E642D636F6C6F723A233233323532353B2671756F743B2667743B2763617465676F727927266C743B2F7370616E2667743B266C743B7370616E207374796C653D2671756F743B6261636B67726F756E642D636F6C6F723A233233323532353B2671756F743B2667743B292D26616D703B67743B266C743B2F7370616E2667743B266C743B7370616E207374796C653D2671756F743B636F6C6F723A236666633636643B6261636B67726F756E642D636F6C6F723A233233323532353B2671756F743B2667743B7768657265266C743B2F7370616E2667743B266C743B7370616E207374796C653D2671756F743B6261636B67726F756E642D636F6C6F723A233233323532353B2671756F743B2667743B28266C743B2F7370616E2667743B266C743B7370616E207374796C653D2671756F743B636F6C6F723A233661383735393B6261636B67726F756E642D636F6C6F723A233233323532353B2671756F743B2667743B277374617475733D3127266C743B2F7370616E2667743B266C743B7370616E207374796C653D2671756F743B6261636B67726F756E642D636F6C6F723A233233323532353B2671756F743B2667743B292D26616D703B67743B266C743B2F7370616E2667743B266C743B7370616E207374796C653D2671756F743B636F6C6F723A236666633636643B6261636B67726F756E642D636F6C6F723A233233323532353B2671756F743B2667743B6765745472656544617461266C743B2F7370616E2667743B266C743B7370616E207374796C653D2671756F743B6261636B67726F756E642D636F6C6F723A233233323532353B2671756F743B2667743B28266C743B2F7370616E2667743B266C743B7370616E207374796C653D2671756F743B636F6C6F723A233661383735393B6261636B67726F756E642D636F6C6F723A233233323532353B2671756F743B2667743B277472656527266C743B2F7370616E2667743B266C743B7370616E207374796C653D2671756F743B636F6C6F723A236363373833323B6261636B67726F756E642D636F6C6F723A233233323532353B2671756F743B2667743B2C266C743B2F7370616E2667743B266C743B7370616E207374796C653D2671756F743B636F6C6F723A233661383735393B6261636B67726F756E642D636F6C6F723A233233323532353B2671756F743B2667743B27696427266C743B2F7370616E2667743B266C743B7370616E207374796C653D2671756F743B6261636B67726F756E642D636F6C6F723A233233323532353B2671756F743B2667743B29266C743B2F7370616E2667743B266C743B7370616E207374796C653D2671756F743B636F6C6F723A236363373833323B6261636B67726F756E642D636F6C6F723A233233323532353B2671756F743B2667743B3B266C743B62722667743B266C743B2F7370616E2667743B266C743B7370616E207374796C653D2671756F743B636F6C6F723A236363373833323B6261636B67726F756E642D636F6C6F723A233233323532353B2671756F743B2667743B202020202020202020202020266C743B2F7370616E2667743B266C743B7370616E207374796C653D2671756F743B636F6C6F723A233938373661613B6261636B67726F756E642D636F6C6F723A233233323532353B2671756F743B2667743B2474686973266C743B2F7370616E2667743B266C743B7370616E207374796C653D2671756F743B6261636B67726F756E642D636F6C6F723A233233323532353B2671756F743B2667743B2D26616D703B67743B266C743B2F7370616E2667743B266C743B7370616E207374796C653D2671756F743B636F6C6F723A236666633636643B6261636B67726F756E642D636F6C6F723A233233323532353B2671756F743B2667743B61737369676E266C743B2F7370616E2667743B266C743B7370616E207374796C653D2671756F743B6261636B67726F756E642D636F6C6F723A233233323532353B2671756F743B2667743B28266C743B2F7370616E2667743B266C743B7370616E207374796C653D2671756F743B636F6C6F723A236363373833323B6261636B67726F756E642D636F6C6F723A233233323532353B666F6E742D7765696768743A626F6C643B2671756F743B2667743B6172726179266C743B2F7370616E2667743B266C743B7370616E207374796C653D2671756F743B6261636B67726F756E642D636F6C6F723A233233323532353B2671756F743B2667743B28266C743B62722667743B266C743B2F7370616E2667743B266C743B7370616E207374796C653D2671756F743B6261636B67726F756E642D636F6C6F723A233233323532353B2671756F743B2667743B20202020202020202020202020202020266C743B2F7370616E2667743B266C743B7370616E207374796C653D2671756F743B636F6C6F723A233661383735393B6261636B67726F756E642D636F6C6F723A233233323532353B2671756F743B2667743B276461746127266C743B2F7370616E2667743B266C743B7370616E207374796C653D2671756F743B6261636B67726F756E642D636F6C6F723A233233323532353B2671756F743B2667743B3D26616D703B67743B266C743B2F7370616E2667743B266C743B7370616E207374796C653D2671756F743B636F6C6F723A233938373661613B6261636B67726F756E642D636F6C6F723A233233323532353B2671756F743B2667743B246361746554726565526573266C743B2F7370616E2667743B266C743B7370616E207374796C653D2671756F743B636F6C6F723A236363373833323B6261636B67726F756E642D636F6C6F723A233233323532353B2671756F743B2667743B2C266C743B62722667743B266C743B2F7370616E2667743B266C743B7370616E207374796C653D2671756F743B636F6C6F723A236363373833323B6261636B67726F756E642D636F6C6F723A233233323532353B2671756F743B2667743B202020202020202020202020266C743B2F7370616E2667743B266C743B7370616E207374796C653D2671756F743B6261636B67726F756E642D636F6C6F723A233233323532353B2671756F743B2667743B2929266C743B2F7370616E2667743B266C743B7370616E207374796C653D2671756F743B636F6C6F723A236363373833323B6261636B67726F756E642D636F6C6F723A233233323532353B2671756F743B2667743B3B266C743B62722667743B266C743B2F7370616E2667743B266C743B7370616E207374796C653D2671756F743B636F6C6F723A236363373833323B6261636B67726F756E642D636F6C6F723A233233323532353B2671756F743B2667743B202020202020202020202020266C743B2F7370616E2667743B266C743B7370616E207374796C653D2671756F743B636F6C6F723A233938373661613B6261636B67726F756E642D636F6C6F723A233233323532353B2671756F743B2667743B2474686973266C743B2F7370616E2667743B266C743B7370616E207374796C653D2671756F743B6261636B67726F756E642D636F6C6F723A233233323532353B2671756F743B2667743B2D26616D703B67743B266C743B2F7370616E2667743B266C743B7370616E207374796C653D2671756F743B636F6C6F723A236666633636643B6261636B67726F756E642D636F6C6F723A233233323532353B2671756F743B2667743B646973706C6179266C743B2F7370616E2667743B266C743B7370616E207374796C653D2671756F743B6261636B67726F756E642D636F6C6F723A233233323532353B2671756F743B2667743B28266C743B2F7370616E2667743B266C743B7370616E207374796C653D2671756F743B636F6C6F723A233661383735393B6261636B67726F756E642D636F6C6F723A233233323532353B2671756F743B2667743B2763617465676F727927266C743B2F7370616E2667743B266C743B7370616E207374796C653D2671756F743B6261636B67726F756E642D636F6C6F723A233233323532353B2671756F743B2667743B29266C743B2F7370616E2667743B266C743B7370616E207374796C653D2671756F743B636F6C6F723A236363373833323B6261636B67726F756E642D636F6C6F723A233233323532353B2671756F743B2667743B3B266C743B62722667743B266C743B2F7370616E2667743B266C743B7370616E207374796C653D2671756F743B636F6C6F723A236363373833323B6261636B67726F756E642D636F6C6F723A233233323532353B2671756F743B2667743B20202020266C743B2F7370616E2667743B266C743B7370616E207374796C653D2671756F743B6261636B67726F756E642D636F6C6F723A233233323532353B2671756F743B2667743B7D266C743B62722667743B266C743B2F7370616E2667743B266C743B7370616E207374796C653D2671756F743B6261636B67726F756E642D636F6C6F723A233233323532353B2671756F743B2667743B7D266C743B2F7370616E2667743B266C743B2F636F64652667743B266C743B2F7072652667743B',1,X'31353134333632373836353234',X'31353134333632373836353234',1,NULL),
	(12,X'436F64655465737434',49,1,0,1,X'266C743B7072652667743B266C743B636F646520636C6173733D2671756F743B7068702671756F743B2667743B26616D703B6E6273703B2026616D703B6E6273703B207075626C69632066756E6374696F6E206F626A6563745F746F5F617272617928246F626A290D0A26616D703B6E6273703B2026616D703B6E6273703B207B0D0A26616D703B6E6273703B2026616D703B6E6273703B2026616D703B6E6273703B2026616D703B6E6273703B20246F626A203D2028617272617929246F626A3B0D0A26616D703B6E6273703B2026616D703B6E6273703B2026616D703B6E6273703B2026616D703B6E6273703B20666F72656163682028246F626A20617320246B203D26616D703B67743B202476290D0A26616D703B6E6273703B2026616D703B6E6273703B2026616D703B6E6273703B2026616D703B6E6273703B207B0D0A26616D703B6E6273703B2026616D703B6E6273703B2026616D703B6E6273703B2026616D703B6E6273703B2026616D703B6E6273703B2026616D703B6E6273703B206966286765747479706528247629203D3D20277265736F7572636527290D0A26616D703B6E6273703B2026616D703B6E6273703B2026616D703B6E6273703B2026616D703B6E6273703B2026616D703B6E6273703B2026616D703B6E6273703B207B0D0A26616D703B6E6273703B2026616D703B6E6273703B2026616D703B6E6273703B2026616D703B6E6273703B2026616D703B6E6273703B2026616D703B6E6273703B2026616D703B6E6273703B2026616D703B6E6273703B2072657475726E3B0D0A26616D703B6E6273703B2026616D703B6E6273703B2026616D703B6E6273703B2026616D703B6E6273703B2026616D703B6E6273703B2026616D703B6E6273703B207D0D0A26616D703B6E6273703B2026616D703B6E6273703B2026616D703B6E6273703B2026616D703B6E6273703B2026616D703B6E6273703B2026616D703B6E6273703B20696620286765747479706528247629203D3D20276F626A65637427207C7C206765747479706528247629203D3D2027617272617927290D0A26616D703B6E6273703B2026616D703B6E6273703B2026616D703B6E6273703B2026616D703B6E6273703B2026616D703B6E6273703B2026616D703B6E6273703B207B0D0A26616D703B6E6273703B2026616D703B6E6273703B2026616D703B6E6273703B2026616D703B6E6273703B2026616D703B6E6273703B2026616D703B6E6273703B2026616D703B6E6273703B2026616D703B6E6273703B20246F626A5B246B5D203D202861727261792973656C663A3A6F626A6563745F746F5F6172726179282476293B0D0A26616D703B6E6273703B2026616D703B6E6273703B2026616D703B6E6273703B2026616D703B6E6273703B2026616D703B6E6273703B2026616D703B6E6273703B207D0D0A26616D703B6E6273703B2026616D703B6E6273703B2026616D703B6E6273703B2026616D703B6E6273703B207D0D0A26616D703B6E6273703B2026616D703B6E6273703B2026616D703B6E6273703B2026616D703B6E6273703B2072657475726E20246F626A3B0D0A26616D703B6E6273703B2026616D703B6E6273703B207D266C743B62722667743B266C743B2F636F64652667743B266C743B2F7072652667743B',1,X'31353134333633313632383239',X'31353134333633313632383239',1,NULL),
	(13,X'436F64655465737435',49,1,0,1,X'266C743B7072652667743B266C743B636F646520636C6173733D2671756F743B6C616E672D626173682671756F743B2667743B23212F62696E2F6261736823232323232320434F4E46494741434345505445445F484F5354533D2671756F743B2F726F6F742F2E6861675F61636365707465642E636F6E662671756F743B42455F564552424F53453D66616C7365696626616D703B6E6273703B5B26616D703B6E6273703B2671756F743B245549442671756F743B26616D703B6E6273703B2D6E652030205D7468656E26616D703B6E6273703B6563686F26616D703B6E6273703B2671756F743B537570657275736572207269676874732072657175697265642671756F743B26616D703B6E6273703B6578697426616D703B6E6273703B32666967656E417061636865436F6E6628297B26616D703B6E6273703B6563686F26616D703B6E6273703B2D6526616D703B6E6273703B2671756F743B2320486F737426616D703B6E6273703B247B484F4D455F4449527D24312F243226616D703B6E6273703B3A2671756F743B7D266C743B62722667743B266C743B2F636F64652667743B266C743B2F7072652667743B',1,X'31353134333634363334313339',X'31353134333634363334313339',1,NULL),
	(14,X'436F64655465737436',47,1,1,1,X'266C743B7072652667743B266C743B636F646520636C6173733D2671756F743B6C616E672D7068702671756F743B2667743B26616D703B6E6273703B7075626C69632066756E6374696F6E20636865636B4D6574686F644973506F737428246D6574686F64203D206E756C6C290D0A26616D703B6E6273703B2026616D703B6E6273703B207B0D0A26616D703B6E6273703B2026616D703B6E6273703B2026616D703B6E6273703B2026616D703B6E6273703B2072657475726E20245F5345525645525B27524551554553545F4D4554484F44275D203D3D2027504F535427203F2074727565203A2066616C73653B0D0A26616D703B6E6273703B2026616D703B6E6273703B207D0D0A0D0A26616D703B6E6273703B2026616D703B6E6273703B202F2A2A0D0A26616D703B6E6273703B2026616D703B6E6273703B2026616D703B6E6273703B2A204072657475726E20737472696E670D0A26616D703B6E6273703B2026616D703B6E6273703B2026616D703B6E6273703B2A20E88EB7E58F96E999A4E58EBBE59F9FE5908DE79A84416374696F6E205552490D0A26616D703B6E6273703B2026616D703B6E6273703B2026616D703B6E6273703B2A2F0D0A26616D703B6E6273703B2026616D703B6E6273703B207075626C69632066756E6374696F6E2067657455726C416374696F6E28290D0A26616D703B6E6273703B2026616D703B6E6273703B207B0D0A26616D703B6E6273703B2026616D703B6E6273703B2026616D703B6E6273703B2026616D703B6E6273703B2072657475726E20434F4E54524F4C4C45525F4E414D452E272F272E414354494F4E5F4E414D452E272F272E24746869732D26616D703B67743B5F666F726D61744375726428293B0D0A26616D703B6E6273703B2026616D703B6E6273703B207D0D0A0D0A26616D703B6E6273703B2026616D703B6E6273703B202F2A2A0D0A26616D703B6E6273703B2026616D703B6E6273703B2026616D703B6E6273703B2A204072657475726E206D697865640D0A26616D703B6E6273703B2026616D703B6E6273703B2026616D703B6E6273703B2A20E88EB7E58F96E8AFB7E6B1824D6574686F640D0A26616D703B6E6273703B2026616D703B6E6273703B2026616D703B6E6273703B2A2F0D0A26616D703B6E6273703B2026616D703B6E6273703B207075626C69632066756E6374696F6E20676574526571756573744D6574686F6428290D0A26616D703B6E6273703B2026616D703B6E6273703B207B0D0A26616D703B6E6273703B2026616D703B6E6273703B2026616D703B6E6273703B2026616D703B6E6273703B2072657475726E204928277365727665722E524551554553545F4D4554484F4427293B0D0A26616D703B6E6273703B2026616D703B6E6273703B207D0D0A0D0A0D0A26616D703B6E6273703B2026616D703B6E6273703B207075626C69632066756E6374696F6E206F626A6563745F746F5F617272617928246F626A290D0A26616D703B6E6273703B2026616D703B6E6273703B207B0D0A26616D703B6E6273703B2026616D703B6E6273703B2026616D703B6E6273703B2026616D703B6E6273703B20246F626A203D2028617272617929246F626A3B0D0A26616D703B6E6273703B2026616D703B6E6273703B2026616D703B6E6273703B2026616D703B6E6273703B20666F72656163682028246F626A20617320246B203D26616D703B67743B202476290D0A26616D703B6E6273703B2026616D703B6E6273703B2026616D703B6E6273703B2026616D703B6E6273703B207B0D0A26616D703B6E6273703B2026616D703B6E6273703B2026616D703B6E6273703B2026616D703B6E6273703B2026616D703B6E6273703B2026616D703B6E6273703B206966286765747479706528247629203D3D20277265736F7572636527290D0A26616D703B6E6273703B2026616D703B6E6273703B2026616D703B6E6273703B2026616D703B6E6273703B2026616D703B6E6273703B2026616D703B6E6273703B207B0D0A26616D703B6E6273703B2026616D703B6E6273703B2026616D703B6E6273703B2026616D703B6E6273703B2026616D703B6E6273703B2026616D703B6E6273703B2026616D703B6E6273703B2026616D703B6E6273703B2072657475726E3B0D0A26616D703B6E6273703B2026616D703B6E6273703B2026616D703B6E6273703B2026616D703B6E6273703B2026616D703B6E6273703B2026616D703B6E6273703B207D0D0A26616D703B6E6273703B2026616D703B6E6273703B2026616D703B6E6273703B2026616D703B6E6273703B2026616D703B6E6273703B2026616D703B6E6273703B20696620286765747479706528247629203D3D20276F626A65637427207C7C206765747479706528247629203D3D2027617272617927290D0A26616D703B6E6273703B2026616D703B6E6273703B2026616D703B6E6273703B2026616D703B6E6273703B2026616D703B6E6273703B2026616D703B6E6273703B207B0D0A26616D703B6E6273703B2026616D703B6E6273703B2026616D703B6E6273703B2026616D703B6E6273703B2026616D703B6E6273703B2026616D703B6E6273703B2026616D703B6E6273703B2026616D703B6E6273703B20246F626A5B246B5D203D202861727261792973656C663A3A6F626A6563745F746F5F6172726179282476293B0D0A26616D703B6E6273703B2026616D703B6E6273703B2026616D703B6E6273703B2026616D703B6E6273703B2026616D703B6E6273703B2026616D703B6E6273703B207D0D0A26616D703B6E6273703B2026616D703B6E6273703B2026616D703B6E6273703B2026616D703B6E6273703B207D0D0A26616D703B6E6273703B2026616D703B6E6273703B2026616D703B6E6273703B2026616D703B6E6273703B2072657475726E20246F626A3B0D0A26616D703B6E6273703B2026616D703B6E6273703B207D266C743B62722667743B266C743B2F636F64652667743B266C743B2F7072652667743B',1,X'31353134333634393837393535',X'31353134333634393837393535',1,NULL),
	(15,X'31313131',47,22,0,1,X'266C743B7072652667743B266C743B636F646520636C6173733D2671756F743B6C616E672D6A6176612671756F743B2667743B23204D616B6566696C650D0A0D0A4255494C4444495226616D703B6E6273703B2026616D703B6E6273703B2026616D703B6E6273703B203D205F6275696C640D0A45585452415326616D703B6E6273703B2026616D703B6E6273703B2026616D703B6E6273703B2026616D703B6E6273703B3F3D2024284255494C44444952292F6578747261730D0A0D0A2E50484F4E593A206D61696E20636C65616E0D0A0D0A6D61696E3A0D0A09406563686F202671756F743B4275696C64696E67206D61696E20666163696C6974792E2E2E2671756F743B0D0A096275696C645F6D61696E2024284255494C44444952290D0A0D0A636C65616E3A0D0A09726D202D72662024284255494C44444952292F2A266C743B62722667743B266C743B2F636F64652667743B266C743B2F7072652667743B',0,X'31353134333635333138313434',X'31353134333635333138313434',1,NULL),
	(16,X'32323232',47,2222,0,1,X'266C743B7072652667743B266C743B636F646520636C6173733D2671756F743B6C616E672D626173682671756F743B2667743B23204D616B6566696C650D0A4255494C4444495226616D703B6E6273703B2026616D703B6E6273703B2026616D703B6E6273703B203D205F6275696C640D0A45585452415326616D703B6E6273703B2026616D703B6E6273703B2026616D703B6E6273703B2026616D703B6E6273703B3F3D2024284255494C44444952292F6578747261730D0A2E50484F4E593A206D61696E20636C65616E0D0A6D61696E3A0D0A406563686F202671756F743B4275696C64696E67206D61696E20666163696C6974792E2E2E2671756F743B0D0A6275696C645F6D61696E2024284255494C44444952290D0A636C65616E3A0D0A726D202D72662024284255494C44444952292F2A0D0A266C743B62722667743B266C743B2F636F64652667743B266C743B2F7072652667743B',1,X'31353134333635373230343130',X'31353134333635373230343130',1,NULL),
	(17,X'4A617661',48,1,0,1,X'266C743B7072652667743B266C743B636F646520636C6173733D2671756F743B6C616E672D6A6176612671756F743B2667743B7075626C696326616D703B6E6273703B636C61737326616D703B6E6273703B4A6176614461793030315F3226616D703B6E6273703B7B26616D703B6E6273703B26616D703B6E6273703B0D0A26616D703B6E6273703B26616D703B6E6273703B0D0A26616D703B6E6273703B26616D703B6E6273703B26616D703B6E6273703B26616D703B6E6273703B7075626C696326616D703B6E6273703B73746174696326616D703B6E6273703B766F696426616D703B6E6273703B6D61696E28537472696E675B5D26616D703B6E6273703B617267732926616D703B6E6273703B7B26616D703B6E6273703B26616D703B6E6273703B0D0A26616D703B6E6273703B26616D703B6E6273703B26616D703B6E6273703B26616D703B6E6273703B26616D703B6E6273703B26616D703B6E6273703B26616D703B6E6273703B26616D703B6E6273703B53797374656D2E6F75742E7072696E746C6E282671756F743B31323826616D703B6E6273703B26616D703B616D703B26616D703B6E6273703B31323926616D703B6E6273703B3D26616D703B6E6273703B2671756F743B26616D703B6E6273703B2B26616D703B6E6273703B2831323826616D703B6E6273703B26616D703B616D703B26616D703B6E6273703B31323929293B26616D703B6E6273703B26616D703B6E6273703B0D0A26616D703B6E6273703B26616D703B6E6273703B26616D703B6E6273703B26616D703B6E6273703B26616D703B6E6273703B26616D703B6E6273703B26616D703B6E6273703B26616D703B6E6273703B53797374656D2E6F75742E7072696E746C6E282671756F743B353626616D703B6E6273703B7C26616D703B6E6273703B333226616D703B6E6273703B3D26616D703B6E6273703B2671756F743B26616D703B6E6273703B2B26616D703B6E6273703B28353626616D703B6E6273703B7C26616D703B6E6273703B333229293B26616D703B6E6273703B26616D703B6E6273703B0D0A26616D703B6E6273703B26616D703B6E6273703B26616D703B6E6273703B26616D703B6E6273703B26616D703B6E6273703B26616D703B6E6273703B26616D703B6E6273703B26616D703B6E6273703B53797374656D2E6F75742E7072696E746C6E282671756F743B323726616D703B6E6273703B5E26616D703B6E6273703B31323326616D703B6E6273703B3D26616D703B6E6273703B2671756F743B26616D703B6E6273703B2B26616D703B6E6273703B28323726616D703B6E6273703B5E26616D703B6E6273703B31323329293B26616D703B6E6273703B26616D703B6E6273703B0D0A26616D703B6E6273703B26616D703B6E6273703B26616D703B6E6273703B26616D703B6E6273703B7D26616D703B6E6273703B26616D703B6E6273703B0D0A7D26616D703B6E6273703B26616D703B6E6273703B0D0A26616D703B6E6273703B26616D703B6E6273703B266C743B62722667743B266C743B2F636F64652667743B266C743B2F7072652667743B0D0A',1,X'31353134333635373736383436',X'31353134343536353632313330',1,1),
	(18,X'54657374436F64653130',58,3,1,1,X'266C743B7072652667743B266C743B636F646520636C6173733D2671756F743B6C616E672D7068702671756F743B2667743B2F2A2A0D0A26616D703B6E6273703B2026616D703B6E6273703B2026616D703B6E6273703B2A2040706172616D2024646174610D0A26616D703B6E6273703B2026616D703B6E6273703B2026616D703B6E6273703B2A2040706172616D202461727469636C6549640D0A26616D703B6E6273703B2026616D703B6E6273703B2026616D703B6E6273703B2A20E4BFAEE694B9E69687E7ABA00D0A26616D703B6E6273703B2026616D703B6E6273703B2026616D703B6E6273703B2A2F0D0A26616D703B6E6273703B2026616D703B6E6273703B207075626C69632066756E6374696F6E2075706461746541727469636C65282464617461290D0A26616D703B6E6273703B2026616D703B6E6273703B207B0D0A26616D703B6E6273703B2026616D703B6E6273703B2026616D703B6E6273703B2026616D703B6E6273703B2069662821656D70747928246461746129290D0A26616D703B6E6273703B2026616D703B6E6273703B2026616D703B6E6273703B2026616D703B6E6273703B207B0D0A26616D703B6E6273703B2026616D703B6E6273703B2026616D703B6E6273703B2026616D703B6E6273703B2026616D703B6E6273703B2026616D703B6E6273703B2024636964203D2024646174615B276964275D3B0D0A26616D703B6E6273703B2026616D703B6E6273703B2026616D703B6E6273703B2026616D703B6E6273703B2026616D703B6E6273703B2026616D703B6E6273703B202464617461203D206172726179280D0A26616D703B6E6273703B2026616D703B6E6273703B2026616D703B6E6273703B2026616D703B6E6273703B2026616D703B6E6273703B2026616D703B6E6273703B2026616D703B6E6273703B2026616D703B6E6273703B20277469746C652726616D703B6E6273703B2026616D703B6E6273703B2026616D703B6E6273703B203D26616D703B67743B24646174615B277469746C65275D2C0D0A26616D703B6E6273703B2026616D703B6E6273703B2026616D703B6E6273703B2026616D703B6E6273703B2026616D703B6E6273703B2026616D703B6E6273703B2026616D703B6E6273703B2026616D703B6E6273703B2027736F72742726616D703B6E6273703B2026616D703B6E6273703B2026616D703B6E6273703B2026616D703B6E6273703B3D26616D703B67743B24646174615B27736F7274275D2C0D0A26616D703B6E6273703B2026616D703B6E6273703B2026616D703B6E6273703B2026616D703B6E6273703B2026616D703B6E6273703B2026616D703B6E6273703B2026616D703B6E6273703B2026616D703B6E6273703B202763617465676F72795F6964273D26616D703B67743B24646174615B2763617465676F7279275D2C0D0A26616D703B6E6273703B2026616D703B6E6273703B2026616D703B6E6273703B2026616D703B6E6273703B2026616D703B6E6273703B2026616D703B6E6273703B2026616D703B6E6273703B2026616D703B6E6273703B202769735F746F702726616D703B6E6273703B2026616D703B6E6273703B2026616D703B6E6273703B3D26616D703B67743B24646174615B2769735F746F70275D2C0D0A26616D703B6E6273703B2026616D703B6E6273703B2026616D703B6E6273703B2026616D703B6E6273703B2026616D703B6E6273703B2026616D703B6E6273703B2026616D703B6E6273703B2026616D703B6E6273703B202769735F656E61626C652726616D703B6E6273703B203D26616D703B67743B24646174615B2769735F656E61626C65275D2C0D0A26616D703B6E6273703B2026616D703B6E6273703B2026616D703B6E6273703B2026616D703B6E6273703B2026616D703B6E6273703B2026616D703B6E6273703B2026616D703B6E6273703B2026616D703B6E6273703B2027636F6E74656E742726616D703B6E6273703B2026616D703B6E6273703B203D26616D703B67743B24646174615B27636F6E74656E74275D2C0D0A26616D703B6E6273703B2026616D703B6E6273703B2026616D703B6E6273703B2026616D703B6E6273703B2026616D703B6E6273703B2026616D703B6E6273703B2026616D703B6E6273703B2026616D703B6E6273703B20277570646174655F61742726616D703B6E6273703B203D26616D703B67743B67657454696D6528292C0D0A26616D703B6E6273703B2026616D703B6E6273703B2026616D703B6E6273703B2026616D703B6E6273703B2026616D703B6E6273703B2026616D703B6E6273703B2026616D703B6E6273703B2026616D703B6E6273703B20277570646174655F62792726616D703B6E6273703B203D26616D703B67743B7472696D28245F53455353494F4E5B2775736572496E666F275D5B27666964275D292C0D0A26616D703B6E6273703B2026616D703B6E6273703B2026616D703B6E6273703B2026616D703B6E6273703B2026616D703B6E6273703B2026616D703B6E6273703B20293B0D0A26616D703B6E6273703B2026616D703B6E6273703B2026616D703B6E6273703B2026616D703B6E6273703B2026616D703B6E6273703B2026616D703B6E6273703B20756E7365742824646174615B276964275D293B0D0A26616D703B6E6273703B2026616D703B6E6273703B2026616D703B6E6273703B2026616D703B6E6273703B2026616D703B6E6273703B2026616D703B6E6273703B2024726573203D2024746869732D26616D703B67743B7768657265282769643D272E24636964292D26616D703B67743B73617665282464617461293B0D0A26616D703B6E6273703B2026616D703B6E6273703B2026616D703B6E6273703B2026616D703B6E6273703B2026616D703B6E6273703B2026616D703B6E6273703B2069662824726573292072657475726E20747275653B0D0A26616D703B6E6273703B2026616D703B6E6273703B2026616D703B6E6273703B2026616D703B6E6273703B207D0D0A26616D703B6E6273703B2026616D703B6E6273703B207D266C743B62722667743B266C743B2F636F64652667743B266C743B2F7072652667743B',0,X'31353134343531383035363438',X'31353134343531383035363438',1,NULL),
	(19,X'E6B19FE8BEB9E59F8EE5A496',58,1,0,1,X'266C743B702667743B313233323133313331E5958AE5958AE5958AEFBC81266C743B2F702667743B',1,X'31353134343536353935363937',X'31353134343536353935363937',1,NULL);

/*!40000 ALTER TABLE `t_moe_article` ENABLE KEYS */;
UNLOCK TABLES;


# Dump of table t_moe_category
# ------------------------------------------------------------

DROP TABLE IF EXISTS `t_moe_category`;

CREATE TABLE `t_moe_category` (
  `id` int(11) unsigned NOT NULL AUTO_INCREMENT COMMENT '分类自增ID',
  `name` varchar(200) DEFAULT ' ' COMMENT '分类名称',
  `pid` int(11) NOT NULL DEFAULT '0' COMMENT 'category_pid',
  `sort` int(11) NOT NULL DEFAULT '1' COMMENT '排序',
  `status` int(11) DEFAULT '1' COMMENT '是否启用该分类',
  `is_show` int(11) DEFAULT '0' COMMENT '是否在导航栏显示',
  `remark` varchar(200) DEFAULT '0' COMMENT '一些扯淡的备注',
  PRIMARY KEY (`id`)
) ENGINE=InnoDB DEFAULT CHARSET=utf8;

LOCK TABLES `t_moe_category` WRITE;
/*!40000 ALTER TABLE `t_moe_category` DISABLE KEYS */;

INSERT INTO `t_moe_category` (`id`, `name`, `pid`, `sort`, `status`, `is_show`, `remark`)
VALUES
	(46,' PHP',0,1,1,0,NULL),
	(47,' PHP网络编程',46,1,1,0,NULL),
	(48,'测试',0,2,1,1,'哈哈哈哈或！'),
	(49,'牛逼！',0,4,1,0,'哈哈哈哈或哈！'),
	(52,'哈哈',0,2,1,0,'123'),
	(53,'嘿嘿',52,2,1,0,'123'),
	(54,'一级分类',0,2,0,0,''),
	(55,'test2',0,3,0,0,'test'),
	(56,'Linux',46,3,1,0,'123'),
	(57,'PHP71',46,8,1,0,'123131'),
	(58,'PHP8',46,9,1,0,'123'),
	(59,'测试2',48,1,1,0,'123'),
	(60,'很牛逼！',49,1,1,1,'12313131'),
	(61,'二级分类',54,1,1,1,'1231313'),
	(62,'test3',55,12,0,1,'123213131'),
	(63,'Nice！1',0,1,0,1,'123');

/*!40000 ALTER TABLE `t_moe_category` ENABLE KEYS */;
UNLOCK TABLES;


# Dump of table t_moe_comments
# ------------------------------------------------------------

DROP TABLE IF EXISTS `t_moe_comments`;

CREATE TABLE `t_moe_comments` (
  `id` int(11) unsigned NOT NULL AUTO_INCREMENT,
  `article_id` int(11) DEFAULT '0' COMMENT '文章ID',
  `owner_user_id` int(11) NOT NULL COMMENT '发表评论UID',
  `content` text NOT NULL COMMENT '评论内容',
  `like_count` int(11) DEFAULT '0' COMMENT '点赞数',
  `created_at` varchar(20) NOT NULL DEFAULT '' COMMENT '评论时间,单位毫秒',
  PRIMARY KEY (`id`)
) ENGINE=InnoDB DEFAULT CHARSET=utf8;

LOCK TABLES `t_moe_comments` WRITE;
/*!40000 ALTER TABLE `t_moe_comments` DISABLE KEYS */;

INSERT INTO `t_moe_comments` (`id`, `article_id`, `owner_user_id`, `content`, `like_count`, `created_at`)
VALUES
	(1,18,1,'这边文章不错',123,'1516164096'),
	(3,18,1,'是的，真是不错。我也有同感。',1231,'1516164099'),
	(4,18,1,'是的，真是不错。我也有同感。+1',1231,'1516164100'),
	(5,18,1851355,'123131',0,'1516616008973'),
	(6,18,1851355,'123',0,'1516616884022'),
	(7,18,1851355,'aaaaaa',0,'1516616909580'),
	(8,18,1851355,'1231313131',0,'1516617278258'),
	(9,18,1851355,'1231313113',0,'1516620114899');

/*!40000 ALTER TABLE `t_moe_comments` ENABLE KEYS */;
UNLOCK TABLES;


# Dump of table t_moe_operation_account
# ------------------------------------------------------------

DROP TABLE IF EXISTS `t_moe_operation_account`;

CREATE TABLE `t_moe_operation_account` (
  `Fid` int(11) unsigned NOT NULL AUTO_INCREMENT,
  `Faccount` varchar(200) NOT NULL DEFAULT '',
  `Fpassword` varchar(200) NOT NULL DEFAULT '',
  `Fnickname` varchar(100) DEFAULT ' ',
  `Fverify` varchar(100) NOT NULL DEFAULT '',
  `status` int(1) DEFAULT '1',
  `Fremarks` varchar(200) DEFAULT ' ',
  `FheadImgUrl` text,
  `FlastLoginTime` varchar(60) DEFAULT ' ',
  `FloginCount` int(11) DEFAULT '0',
  `FlastLoginIp` varchar(200) DEFAULT ' ',
  `FcreateTime` int(11) DEFAULT '0',
  PRIMARY KEY (`Fid`)
) ENGINE=InnoDB DEFAULT CHARSET=utf8;

LOCK TABLES `t_moe_operation_account` WRITE;
/*!40000 ALTER TABLE `t_moe_operation_account` DISABLE KEYS */;

INSERT INTO `t_moe_operation_account` (`Fid`, `Faccount`, `Fpassword`, `Fnickname`, `Fverify`, `status`, `Fremarks`, `FheadImgUrl`, `FlastLoginTime`, `FloginCount`, `FlastLoginIp`, `FcreateTime`)
VALUES
	(1,'admin','9955273b236abcd630bee7a799eb0efe','开飞机的舒克','981071$ms+*2^g7&e#!)1a_@%0(',1,NULL,NULL,'1516090807',131,'127.0.0.1',1508928254);

/*!40000 ALTER TABLE `t_moe_operation_account` ENABLE KEYS */;
UNLOCK TABLES;


# Dump of table t_moe_operation_auth_group
# ------------------------------------------------------------

DROP TABLE IF EXISTS `t_moe_operation_auth_group`;

CREATE TABLE `t_moe_operation_auth_group` (
  `id` mediumint(8) unsigned NOT NULL AUTO_INCREMENT,
  `title` char(100) NOT NULL DEFAULT '',
  `status` tinyint(1) NOT NULL DEFAULT '1',
  `rules` text NOT NULL,
  `remarks` text COMMENT '备注',
  PRIMARY KEY (`id`),
  UNIQUE KEY `title` (`title`)
) ENGINE=InnoDB DEFAULT CHARSET=utf8 ROW_FORMAT=DYNAMIC;

LOCK TABLES `t_moe_operation_auth_group` WRITE;
/*!40000 ALTER TABLE `t_moe_operation_auth_group` DISABLE KEYS */;

INSERT INTO `t_moe_operation_auth_group` (`id`, `title`, `status`, `rules`, `remarks`)
VALUES
	(1,'超级管理员',1,'7,35,1,12,52,64,65,2,54,55,59,60,8,9,56,57,58,70,10,51,61,62,67,66,69,93,95,97,105,106,96,98,100,102,103,104,101,99',' admin,超级管理员用户'),
	(73,'Web前端组',1,'74,75,76,77','上传静态文件');

/*!40000 ALTER TABLE `t_moe_operation_auth_group` ENABLE KEYS */;
UNLOCK TABLES;


# Dump of table t_moe_operation_auth_group_access
# ------------------------------------------------------------

DROP TABLE IF EXISTS `t_moe_operation_auth_group_access`;

CREATE TABLE `t_moe_operation_auth_group_access` (
  `uid` int(11) unsigned NOT NULL COMMENT '用户id',
  `group_id` int(11) unsigned NOT NULL COMMENT '用户组id',
  UNIQUE KEY `uid_group_id` (`uid`,`group_id`),
  KEY `uid` (`uid`),
  KEY `group_id` (`group_id`)
) ENGINE=InnoDB DEFAULT CHARSET=utf8 ROW_FORMAT=DYNAMIC COMMENT='用户组明细表';

LOCK TABLES `t_moe_operation_auth_group_access` WRITE;
/*!40000 ALTER TABLE `t_moe_operation_auth_group_access` DISABLE KEYS */;

INSERT INTO `t_moe_operation_auth_group_access` (`uid`, `group_id`)
VALUES
	(1,1),
	(25,1),
	(26,73),
	(27,1);

/*!40000 ALTER TABLE `t_moe_operation_auth_group_access` ENABLE KEYS */;
UNLOCK TABLES;


# Dump of table t_moe_operation_auth_rule
# ------------------------------------------------------------

DROP TABLE IF EXISTS `t_moe_operation_auth_rule`;

CREATE TABLE `t_moe_operation_auth_rule` (
  `id` mediumint(8) unsigned NOT NULL AUTO_INCREMENT,
  `name` char(80) NOT NULL DEFAULT '',
  `title` char(20) NOT NULL DEFAULT '',
  `status` tinyint(1) NOT NULL DEFAULT '1',
  `pid` int(11) DEFAULT NULL,
  `condition` char(100) NOT NULL DEFAULT '',
  PRIMARY KEY (`id`),
  UNIQUE KEY `name` (`name`)
) ENGINE=InnoDB DEFAULT CHARSET=utf8 ROW_FORMAT=DYNAMIC;

LOCK TABLES `t_moe_operation_auth_rule` WRITE;
/*!40000 ALTER TABLE `t_moe_operation_auth_rule` DISABLE KEYS */;

INSERT INTO `t_moe_operation_auth_rule` (`id`, `name`, `title`, `status`, `pid`, `condition`)
VALUES
	(1,'configure/auth','权限管理[Menu]',1,35,''),
	(2,'configure/adminlist','管理员列表[Menu]',1,35,''),
	(7,'index/index','仪表盘[Menu]',1,0,''),
	(8,'configure/menu','菜单管理[Menu]',1,35,''),
	(9,'configure/create_menu','创建菜单[Api]',1,8,''),
	(10,'configure/usergroup','用户组管理菜单[Menu]',1,35,''),
	(12,'configure/create_auth','新建权限规则[Api]',1,1,''),
	(35,'configure/index','系统设置',1,0,''),
	(51,'configure/usergroup/get','获取用户组[Api]',1,10,''),
	(52,'configure/auth/create','新建权限规则[Menu]',1,1,''),
	(54,'configure/adminlist/query','获取管理员列表[Api]',1,2,''),
	(55,'configure/adminlist/create','创建系统管理员[Menu]',1,2,''),
	(56,'configure/menu/add','添加子菜单[Menu]',1,8,''),
	(57,'configure/menu/update','修改子菜单[Menu]',1,8,''),
	(58,'configure/menu/delete','删除子菜单[Menu]',1,8,''),
	(59,'configure/adminlist/update','更新管理员[Menu]',1,2,''),
	(60,'configure/adminlist/delete','删除管理员[Menu]',1,2,''),
	(61,'configure/usergroup/create','创建用户组[Menu]',1,10,''),
	(62,'configure/usergroup/update','修改用户组[Menu]',1,10,''),
	(64,'configure/auth/delete','删除权限[Menu]',1,1,''),
	(65,'configure/auth/update','修改权限[Menu]',1,1,''),
	(66,'user/profile','用户Profiles[Menu]',1,0,''),
	(67,'configure/usergroup/delete','删除用户组[Menu]',1,10,''),
	(69,'user/profile/password','用户修改密码[Menu]',1,66,''),
	(70,'configure/menu/create','创建一级菜单[Menu]',1,8,''),
	(93,'article/index','文章管理[Menu]',1,0,''),
	(95,'article/category','文章分类[Menu]',1,93,''),
	(96,'article/articlelist/create','添加文章[Menu]',1,93,''),
	(97,'article/category/create','创建分类',1,95,''),
	(98,'article/articlelist','文章列表',1,96,''),
	(99,'article/uploadFiles','上传图片接口',1,0,''),
	(100,'article/articlelist/query','获取文章列表[Api]',1,96,''),
	(101,'article/articlelist/detail','文章详情[Menu]',1,93,''),
	(102,'article/articlelist/update','修改文章[Menu]',1,96,''),
	(103,'article/category/query','获取分类列表[Api]',1,96,''),
	(104,'article/articlelist/delete','删除文章[Menu]',1,96,''),
	(105,'article/category/delete','删除分类[Api]',1,95,''),
	(106,'article/category/update','修改分类[Menu]',1,95,'');

/*!40000 ALTER TABLE `t_moe_operation_auth_rule` ENABLE KEYS */;
UNLOCK TABLES;


# Dump of table t_moe_operation_log
# ------------------------------------------------------------

DROP TABLE IF EXISTS `t_moe_operation_log`;

CREATE TABLE `t_moe_operation_log` (
  `id` int(11) unsigned NOT NULL AUTO_INCREMENT,
  `uid` int(11) DEFAULT NULL COMMENT '操作用户UID',
  `account` varchar(200) DEFAULT NULL COMMENT '账号',
  `content` text COMMENT 'json数据等',
  `type` int(11) DEFAULT NULL COMMENT '1Login2operation',
  `create_at` int(11) DEFAULT NULL COMMENT '创建时间',
  PRIMARY KEY (`id`)
) ENGINE=InnoDB DEFAULT CHARSET=utf8;

LOCK TABLES `t_moe_operation_log` WRITE;
/*!40000 ALTER TABLE `t_moe_operation_log` DISABLE KEYS */;

INSERT INTO `t_moe_operation_log` (`id`, `uid`, `account`, `content`, `type`, `create_at`)
VALUES
	(1,1,'admin','{\"userAgent\":\"Mozilla\\/5.0 (Macintosh; Intel Mac OS X 10_12_6) AppleWebKit\\/537.36 (KHTML, like Gecko) Chrome\\/63.0.3239.84 Safari\\/537.36\",\"userIP\":\"127.0.0.1\"}',1,1513931882),
	(2,1,'admin','{\"url\":\"Configure\\/menu\\/add\",\"params\":\"getSecondMenuByMenuId:58\",\"method\":\"GET\",\"userIp\":\"127.0.0.1\"}',2,1513932627),
	(3,1,'admin','{\"url\":\"Configure\\/create_menu\\/\",\"params\":\"Array\\n(\\n    [name] => \\u5206\\u7c7b\\u7ba1\\u7406\\n    [controller] => article\\n    [action] => category\\n    [pid] => 58\\n    [level] => 2\\n    [status] => 1\\n)\\n\",\"method\":\"POST\",\"userIp\":\"127.0.0.1\"}',2,1513932645),
	(4,1,'admin','{\"url\":\"Configure\\/menu\\/add\",\"params\":\"getSecondMenuByMenuId:58\",\"method\":\"GET\",\"userIp\":\"127.0.0.1\"}',2,1513932646),
	(5,1,'admin','{\"url\":\"Configure\\/menu\\/add\",\"params\":\"getSecondMenuByMenuId:59\",\"method\":\"GET\",\"userIp\":\"127.0.0.1\"}',2,1513932652),
	(6,1,'admin','{\"url\":\"Configure\\/menu\\/add\",\"params\":\"getSecondMenuByMenuId:58\",\"method\":\"GET\",\"userIp\":\"127.0.0.1\"}',2,1513932655),
	(7,1,'admin','{\"url\":\"Configure\\/create_menu\\/\",\"params\":\"Array\\n(\\n    [name] => \\u6dfb\\u52a0\\u6587\\u7ae0\\n    [controller] => article\\n    [action] => article\\n    [pid] => 58\\n    [level] => 2\\n    [status] => 1\\n)\\n\",\"method\":\"POST\",\"userIp\":\"127.0.0.1\"}',2,1513932695),
	(8,1,'admin','{\"url\":\"Configure\\/menu\\/add\",\"params\":\"getSecondMenuByMenuId:58\",\"method\":\"GET\",\"userIp\":\"127.0.0.1\"}',2,1513932696),
	(9,1,'admin','{\"url\":\"Configure\\/auth\\/create\",\"params\":\"name:article\\/category | title:\\u6dfb\\u52a0\\u5206\\u7c7b[Menu] | pid:\",\"method\":\"POST\",\"userIp\":\"127.0.0.1\"}',2,1513932725),
	(10,1,'admin','{\"url\":\"Configure\\/auth\\/delete\",\"params\":\"delete auth by id:92\",\"method\":\"GET\",\"userIp\":\"127.0.0.1\"}',2,1513932747),
	(11,1,'admin','{\"url\":\"Configure\\/auth\\/create\",\"params\":\"name:article\\/index | title:\\u6587\\u7ae0\\u7ba1\\u7406[Menu] | pid:\",\"method\":\"POST\",\"userIp\":\"127.0.0.1\"}',2,1513932767),
	(12,1,'admin','{\"url\":\"Configure\\/auth\\/create\",\"params\":\"name:article\\/category | title:\\u6587\\u7ae0\\u5206\\u7c7b[Menu] | pid:\",\"method\":\"POST\",\"userIp\":\"127.0.0.1\"}',2,1513932814),
	(13,1,'admin','{\"url\":\"Configure\\/auth\\/create\",\"params\":\"name:article\\/add | title:\\u6dfb\\u52a0\\u6587\\u7ae0[Menu] | pid:\",\"method\":\"POST\",\"userIp\":\"127.0.0.1\"}',2,1513932841),
	(14,1,'admin','{\"url\":\"Configure\\/adminlist\\/delete\",\"params\":\"delete User:26\",\"method\":\"GET\",\"userIp\":\"127.0.0.1\"}',2,1513932846),
	(15,1,'admin','{\"url\":\"Configure\\/adminlist\\/delete\",\"params\":\"delete User:27\",\"method\":\"GET\",\"userIp\":\"127.0.0.1\"}',2,1513932849),
	(16,1,'admin','{\"url\":\"Configure\\/usergroup\\/update\",\"params\":\"Array\\n(\\n    [title] => \\u8d85\\u7ea7\\u7ba1\\u7406\\u5458\\n    [rules] => 7,35,1,12,52,64,65,2,54,55,59,60,8,9,56,57,58,70,10,51,61,62,67,66,69,95,96\\n    [remarks] =>  admin,\\u8d85\\u7ea7\\u7ba1\\u7406\\u5458\\u7528\\u6237\\n)\\n\",\"method\":\"update\",\"userIp\":\"POST\"}',2,1513932865),
	(17,1,'admin','{\"url\":\"Configure\\/usergroup\\/update\",\"params\":\"Array\\n(\\n    [title] => \\u8d85\\u7ea7\\u7ba1\\u7406\\u5458\\n    [rules] => 7,35,1,12,52,64,65,2,54,55,59,60,8,9,56,57,58,70,10,51,61,62,67,66,69,93,95,96\\n    [remarks] =>  admin,\\u8d85\\u7ea7\\u7ba1\\u7406\\u5458\\u7528\\u6237\\n)\\n\",\"method\":\"update\",\"userIp\":\"POST\"}',2,1513932883),
	(18,1,'admin','{\"url\":\"Configure\\/auth\\/create\",\"params\":\"name:article\\/category\\/create | title:\\u521b\\u5efa\\u5206\\u7c7b | pid:\",\"method\":\"POST\",\"userIp\":\"127.0.0.1\"}',2,1513936563),
	(19,1,'admin','{\"url\":\"Configure\\/usergroup\\/update\",\"params\":\"Array\\n(\\n    [title] => \\u8d85\\u7ea7\\u7ba1\\u7406\\u5458\\n    [rules] => 7,35,1,12,52,64,65,2,54,55,59,60,8,9,56,57,58,70,10,51,61,62,67,66,69,93,95,97,96\\n    [remarks] =>  admin,\\u8d85\\u7ea7\\u7ba1\\u7406\\u5458\\u7528\\u6237\\n)\\n\",\"method\":\"update\",\"userIp\":\"POST\"}',2,1513936574),
	(20,1,'admin','{\"userAgent\":\"Mozilla\\/5.0 (Macintosh; Intel Mac OS X 10_12_6) AppleWebKit\\/537.36 (KHTML, like Gecko) Chrome\\/63.0.3239.84 Safari\\/537.36\",\"userIP\":\"127.0.0.1\"}',1,1514183894),
	(21,1,'admin','{\"url\":\"Configure\\/auth\\/update\",\"params\":\"name:article\\/create | title:\\u6dfb\\u52a0\\u6587\\u7ae0[Menu]\",\"method\":\"POST\",\"userIp\":\"127.0.0.1\"}',2,1514186983),
	(22,1,'admin','{\"url\":\"Configure\\/menu\\/update\",\"params\":\"Array\\n(\\n    [name] => \\u6dfb\\u52a0\\u6587\\u7ae0\\n    [class] => \\n    [controller] => article\\n    [action] => create\\n    [pid] => 58\\n    [level] => 2\\n)\\n\",\"method\":\"POST\",\"userIp\":\"127.0.0.1\"}',2,1514187051),
	(23,1,'admin','{\"url\":\"Configure\\/auth\\/create\",\"params\":\"name:article\\/articlelist | title:\\u6587\\u7ae0\\u5217\\u8868 | pid:\",\"method\":\"POST\",\"userIp\":\"127.0.0.1\"}',2,1514190098),
	(24,1,'admin','{\"url\":\"Configure\\/usergroup\\/update\",\"params\":\"Array\\n(\\n    [title] => \\u8d85\\u7ea7\\u7ba1\\u7406\\u5458\\n    [rules] => 7,35,1,12,52,64,65,2,54,55,59,60,8,9,56,57,58,70,10,51,61,62,67,66,69,93,95,97,96,98\\n    [remarks] =>  admin,\\u8d85\\u7ea7\\u7ba1\\u7406\\u5458\\u7528\\u6237\\n)\\n\",\"method\":\"update\",\"userIp\":\"POST\"}',2,1514190112),
	(25,1,'admin','{\"url\":\"Configure\\/menu\\/add\",\"params\":\"getSecondMenuByMenuId:60\",\"method\":\"GET\",\"userIp\":\"127.0.0.1\"}',2,1514190144),
	(26,1,'admin','{\"url\":\"Configure\\/menu\\/update\",\"params\":\"Array\\n(\\n    [name] => \\u6dfb\\u52a0\\u6587\\u7ae0\\n    [class] => \\n    [controller] => article\\n    [action] => articlelist\\n    [pid] => 58\\n    [level] => 2\\n)\\n\",\"method\":\"POST\",\"userIp\":\"127.0.0.1\"}',2,1514190156),
	(27,1,'admin','{\"url\":\"Configure\\/auth\\/update\",\"params\":\"name:article\\/articlelist\\/create | title:\\u6dfb\\u52a0\\u6587\\u7ae0[Menu]\",\"method\":\"POST\",\"userIp\":\"127.0.0.1\"}',2,1514190642),
	(28,1,'admin','{\"userAgent\":\"Mozilla\\/5.0 (Macintosh; Intel Mac OS X 10_12_6) AppleWebKit\\/537.36 (KHTML, like Gecko) Chrome\\/63.0.3239.84 Safari\\/537.36\",\"userIP\":\"127.0.0.1\"}',1,1514260404),
	(29,1,'admin','{\"url\":\"Configure\\/auth\\/create\",\"params\":\"name:article\\/uploadFiles | title:\\u4e0a\\u4f20\\u56fe\\u7247\\u63a5\\u53e3 | pid:\",\"method\":\"POST\",\"userIp\":\"127.0.0.1\"}',2,1514279589),
	(30,1,'admin','{\"url\":\"Configure\\/usergroup\\/update\",\"params\":\"Array\\n(\\n    [title] => \\u8d85\\u7ea7\\u7ba1\\u7406\\u5458\\n    [rules] => 7,35,1,12,52,64,65,2,54,55,59,60,8,9,56,57,58,70,10,51,61,62,67,66,69,93,95,97,96,98,99\\n    [remarks] =>  admin,\\u8d85\\u7ea7\\u7ba1\\u7406\\u5458\\u7528\\u6237\\n)\\n\",\"method\":\"update\",\"userIp\":\"POST\"}',2,1514279597),
	(31,1,'admin','{\"userAgent\":\"Mozilla\\/5.0 (Macintosh; Intel Mac OS X 10_12_6) AppleWebKit\\/603.3.8 (KHTML, like Gecko) Version\\/10.1.2 Safari\\/603.3.8\",\"userIP\":\"127.0.0.1\"}',1,1514283715),
	(32,1,'admin','{\"url\":\"Configure\\/menu\\/update\",\"params\":\"Array\\n(\\n    [name] => \\u6587\\u7ae0\\u7ba1\\u7406\\n    [class] => \\n    [controller] => article\\n    [action] => articlelist\\n    [pid] => 58\\n    [level] => 2\\n)\\n\",\"method\":\"POST\",\"userIp\":\"127.0.0.1\"}',2,1514346905),
	(33,1,'admin','{\"url\":\"Configure\\/auth\\/create\",\"params\":\"name:\\/article\\/articlelist\\/query | title:\\u83b7\\u53d6\\u6587\\u7ae0\\u5217\\u8868[Api] | pid:\",\"method\":\"POST\",\"userIp\":\"127.0.0.1\"}',2,1514353893),
	(34,1,'admin','{\"url\":\"Configure\\/usergroup\\/update\",\"params\":\"Array\\n(\\n    [title] => \\u8d85\\u7ea7\\u7ba1\\u7406\\u5458\\n    [rules] => 7,35,1,12,52,64,65,2,54,55,59,60,8,9,56,57,58,70,10,51,61,62,67,66,69,93,95,97,96,98,100,99\\n    [remarks] =>  admin,\\u8d85\\u7ea7\\u7ba1\\u7406\\u5458\\u7528\\u6237\\n)\\n\",\"method\":\"update\",\"userIp\":\"POST\"}',2,1514353901),
	(35,1,'admin','{\"url\":\"Configure\\/auth\\/update\",\"params\":\"name:article\\/articlelist\\/query | title:\\u83b7\\u53d6\\u6587\\u7ae0\\u5217\\u8868[Api]\",\"method\":\"POST\",\"userIp\":\"127.0.0.1\"}',2,1514354115),
	(36,1,'admin','{\"url\":\"Configure\\/auth\\/create\",\"params\":\"name:article\\/articlelist\\/detail | title:\\u6587\\u7ae0\\u8be6\\u60c5[Menu] | pid:\",\"method\":\"POST\",\"userIp\":\"127.0.0.1\"}',2,1514360368),
	(37,1,'admin','{\"url\":\"Configure\\/usergroup\\/update\",\"params\":\"Array\\n(\\n    [title] => \\u8d85\\u7ea7\\u7ba1\\u7406\\u5458\\n    [rules] => 7,35,1,12,52,64,65,2,54,55,59,60,8,9,56,57,58,70,10,51,61,62,67,66,69,93,95,97,96,98,100,101,99\\n    [remarks] =>  admin,\\u8d85\\u7ea7\\u7ba1\\u7406\\u5458\\u7528\\u6237\\n)\\n\",\"method\":\"update\",\"userIp\":\"POST\"}',2,1514360375),
	(38,1,'admin','{\"userAgent\":\"Mozilla\\/5.0 (Macintosh; Intel Mac OS X 10_12_6) AppleWebKit\\/537.36 (KHTML, like Gecko) Chrome\\/63.0.3239.84 Safari\\/537.36\",\"userIP\":\"127.0.0.1\"}',1,1514361923),
	(39,1,'admin','{\"url\":\"Configure\\/auth\\/create\",\"params\":\"name:article\\/articlelist\\/update | title:\\u4fee\\u6539\\u6587\\u7ae0[Menu] | pid:\",\"method\":\"POST\",\"userIp\":\"127.0.0.1\"}',2,1514366244),
	(40,1,'admin','{\"url\":\"Configure\\/usergroup\\/update\",\"params\":\"Array\\n(\\n    [title] => \\u8d85\\u7ea7\\u7ba1\\u7406\\u5458\\n    [rules] => 7,35,1,12,52,64,65,2,54,55,59,60,8,9,56,57,58,70,10,51,61,62,67,66,69,93,95,97,96,98,100,102,101,99\\n    [remarks] =>  admin,\\u8d85\\u7ea7\\u7ba1\\u7406\\u5458\\u7528\\u6237\\n)\\n\",\"method\":\"update\",\"userIp\":\"POST\"}',2,1514366251),
	(41,1,'admin','{\"userAgent\":\"Mozilla\\/5.0 (Macintosh; Intel Mac OS X 10_12_6) AppleWebKit\\/537.36 (KHTML, like Gecko) Chrome\\/63.0.3239.84 Safari\\/537.36\",\"userIP\":\"127.0.0.1\"}',1,1514370569),
	(42,1,'admin','{\"url\":\"Configure\\/auth\\/create\",\"params\":\"name:article\\/category\\/query | title:\\u83b7\\u53d6\\u5206\\u7c7b\\u5217\\u8868[Api] | pid:\",\"method\":\"POST\",\"userIp\":\"127.0.0.1\"}',2,1514447234),
	(43,1,'admin','{\"url\":\"Configure\\/usergroup\\/update\",\"params\":\"Array\\n(\\n    [title] => \\u8d85\\u7ea7\\u7ba1\\u7406\\u5458\\n    [rules] => 7,35,1,12,52,64,65,2,54,55,59,60,8,9,56,57,58,70,10,51,61,62,67,66,69,93,95,97,96,98,100,102,103,101,99\\n    [remarks] =>  admin,\\u8d85\\u7ea7\\u7ba1\\u7406\\u5458\\u7528\\u6237\\n)\\n\",\"method\":\"update\",\"userIp\":\"POST\"}',2,1514447251),
	(44,1,'admin','{\"userAgent\":\"Mozilla\\/5.0 (Macintosh; Intel Mac OS X 10_12_6) AppleWebKit\\/537.36 (KHTML, like Gecko) Chrome\\/63.0.3239.84 Safari\\/537.36\",\"userIP\":\"127.0.0.1\"}',1,1514453708),
	(45,1,'admin','{\"url\":\"Configure\\/auth\\/create\",\"params\":\"name:article\\/articlelist\\/delete | title:\\u5220\\u9664\\u6587\\u7ae0[Menu] | pid:\",\"method\":\"POST\",\"userIp\":\"127.0.0.1\"}',2,1514454245),
	(46,1,'admin','{\"url\":\"Configure\\/usergroup\\/update\",\"params\":\"Array\\n(\\n    [title] => \\u8d85\\u7ea7\\u7ba1\\u7406\\u5458\\n    [rules] => 7,35,1,12,52,64,65,2,54,55,59,60,8,9,56,57,58,70,10,51,61,62,67,66,69,93,95,97,96,98,100,102,103,104,101,99\\n    [remarks] =>  admin,\\u8d85\\u7ea7\\u7ba1\\u7406\\u5458\\u7528\\u6237\\n)\\n\",\"method\":\"update\",\"userIp\":\"POST\"}',2,1514454252),
	(47,1,'admin','{\"url\":\"Configure\\/auth\\/create\",\"params\":\"name:article\\/category\\/delete | title:\\u5220\\u9664\\u5206\\u7c7b[Api] | pid:\",\"method\":\"POST\",\"userIp\":\"127.0.0.1\"}',2,1514455117),
	(48,1,'admin','{\"url\":\"Configure\\/usergroup\\/update\",\"params\":\"Array\\n(\\n    [title] => \\u8d85\\u7ea7\\u7ba1\\u7406\\u5458\\n    [rules] => 7,35,1,12,52,64,65,2,54,55,59,60,8,9,56,57,58,70,10,51,61,62,67,66,69,93,95,97,105,96,98,100,102,103,104,101,99\\n    [remarks] =>  admin,\\u8d85\\u7ea7\\u7ba1\\u7406\\u5458\\u7528\\u6237\\n)\\n\",\"method\":\"update\",\"userIp\":\"POST\"}',2,1514455130),
	(49,1,'admin','{\"url\":\"Configure\\/auth\\/create\",\"params\":\"name:article\\/category\\/update | title:\\u4fee\\u6539\\u5206\\u7c7b[Menu] | pid:\",\"method\":\"POST\",\"userIp\":\"127.0.0.1\"}',2,1514455576),
	(50,1,'admin','{\"url\":\"Configure\\/usergroup\\/update\",\"params\":\"Array\\n(\\n    [title] => \\u8d85\\u7ea7\\u7ba1\\u7406\\u5458\\n    [rules] => 7,35,1,12,52,64,65,2,54,55,59,60,8,9,56,57,58,70,10,51,61,62,67,66,69,93,95,97,105,106,96,98,100,102,103,104,101,99\\n    [remarks] =>  admin,\\u8d85\\u7ea7\\u7ba1\\u7406\\u5458\\u7528\\u6237\\n)\\n\",\"method\":\"update\",\"userIp\":\"POST\"}',2,1514455584),
	(51,1,'admin','{\"url\":\"Article\\/articlelist\\/update\",\"params\":\"\\u6587\\u7ae0\\u4fee\\u6539\\u6210\\u529f,Params:Array\\n(\\n    [title] => Java\\n    [id] => 17\\n    [sort] => 1\\n    [category] => 48\\n    [is_top] => 0\\n    [is_enable] => 1\\n    [content] => &lt;pre&gt;&lt;code class=&quot;lang-java&quot;&gt;public&amp;nbsp;class&amp;nbsp;JavaDay001_2&amp;nbsp;{&amp;nbsp;&amp;nbsp;\\r\\n&amp;nbsp;&amp;nbsp;\\r\\n&amp;nbsp;&amp;nbsp;&amp;nbsp;&amp;nbsp;public&amp;nbsp;static&amp;nbsp;void&amp;nbsp;main(String[]&amp;nbsp;args)&amp;nbsp;{&amp;nbsp;&amp;nbsp;\\r\\n&amp;nbsp;&amp;nbsp;&amp;nbsp;&amp;nbsp;&amp;nbsp;&amp;nbsp;&amp;nbsp;&amp;nbsp;System.out.println(&quot;128&amp;nbsp;&amp;amp;&amp;nbsp;129&amp;nbsp;=&amp;nbsp;&quot;&amp;nbsp;+&amp;nbsp;(128&amp;nbsp;&amp;amp;&amp;nbsp;129));&amp;nbsp;&amp;nbsp;\\r\\n&amp;nbsp;&amp;nbsp;&amp;nbsp;&amp;nbsp;&amp;nbsp;&amp;nbsp;&amp;nbsp;&amp;nbsp;System.out.println(&quot;56&amp;nbsp;|&amp;nbsp;32&amp;nbsp;=&amp;nbsp;&quot;&amp;nbsp;+&amp;nbsp;(56&amp;nbsp;|&amp;nbsp;32));&amp;nbsp;&amp;nbsp;\\r\\n&amp;nbsp;&amp;nbsp;&amp;nbsp;&amp;nbsp;&amp;nbsp;&amp;nbsp;&amp;nbsp;&amp;nbsp;System.out.println(&quot;27&amp;nbsp;^&amp;nbsp;123&amp;nbsp;=&amp;nbsp;&quot;&amp;nbsp;+&amp;nbsp;(27&amp;nbsp;^&amp;nbsp;123));&amp;nbsp;&amp;nbsp;\\r\\n&amp;nbsp;&amp;nbsp;&amp;nbsp;&amp;nbsp;}&amp;nbsp;&amp;nbsp;\\r\\n}&amp;nbsp;&amp;nbsp;\\r\\n&amp;nbsp;&amp;nbsp;&lt;br&gt;&lt;\\/code&gt;&lt;\\/pre&gt;\\r\\n\\n)\\n\",\"method\":\"POST\",\"userIp\":\"127.0.0.1\"}',2,1514456562),
	(52,1,'admin','{\"url\":\"Article\\/articlelist\\/delete\",\"params\":\"\\u6587\\u7ae0\\u5220\\u9664\\u6210\\u529f,Params:ID15\",\"method\":\"GET\",\"userIp\":\"127.0.0.1\"}',2,1514456580),
	(53,1,'admin','{\"url\":\"Article\\/articlelist\\/create\",\"params\":\"\\u6587\\u7ae0\\u6dfb\\u52a0\\u6210\\u529f,Params:Array\\n(\\n    [title] => \\u6c5f\\u8fb9\\u57ce\\u5916\\n    [sort] => 1\\n    [category] => 58\\n    [is_top] => 0\\n    [is_enable] => 1\\n    [content] => &lt;p&gt;123213131\\u554a\\u554a\\u554a\\uff01&lt;\\/p&gt;\\n)\\n\",\"method\":\"POST\",\"userIp\":\"127.0.0.1\"}',2,1514456595),
	(54,1,'admin','{\"url\":\"Article\\/category\\/create\",\"params\":\"Array\\n(\\n    [pid] => \\n    [name] => Nice\\uff01\\n    [sort] => 1\\n    [is_display_nav] => 1\\n    [is_enable] => 1\\n    [remarks] => 123\\n)\\n\",\"method\":\"POST\",\"userIp\":\"127.0.0.1\"}',2,1514456620),
	(55,1,'admin','{\"url\":\"Article\\/category\\/update\",\"params\":\"\\u5206\\u7c7b\\u4fee\\u6539\\u6210\\u529f,ID:Array\\n(\\n    [pid] => \\n    [name] => Nice\\uff011\\n    [sort] => 1\\n    [update_id] => 63\\n    [remarks] => 123\\n)\\n\",\"method\":\"POST\",\"userIp\":\"127.0.0.1\"}',2,1514456636),
	(56,1,'admin','{\"url\":\"Article\\/category\\/delete\",\"params\":\"\\u6210\\u529f\\u5220\\u9664\\u5206\\u7c7b,ID:63\",\"method\":\"GET\",\"userIp\":\"127.0.0.1\"}',2,1514456646),
	(57,1,'admin','{\"userAgent\":\"Mozilla\\/5.0 (Macintosh; Intel Mac OS X 10_12_6) AppleWebKit\\/537.36 (KHTML, like Gecko) Chrome\\/63.0.3239.84 Safari\\/537.36\",\"userIP\":\"127.0.0.1\"}',1,1514865557),
	(58,1,'admin','{\"userAgent\":\"Mozilla\\/5.0 (Macintosh; Intel Mac OS X 10_12_6) AppleWebKit\\/537.36 (KHTML, like Gecko) Chrome\\/63.0.3239.84 Safari\\/537.36\",\"userIP\":\"127.0.0.1\"}',1,1514875678),
	(59,1,'admin','{\"userAgent\":\"Mozilla\\/5.0 (Macintosh; Intel Mac OS X 10_12_6) AppleWebKit\\/537.36 (KHTML, like Gecko) Chrome\\/63.0.3239.84 Safari\\/537.36\",\"userIP\":\"127.0.0.1\"}',1,1514877001),
	(60,1,'admin','{\"userAgent\":\"Mozilla\\/5.0 (Macintosh; Intel Mac OS X 10_12_6) AppleWebKit\\/537.36 (KHTML, like Gecko) Chrome\\/63.0.3239.84 Safari\\/537.36\",\"userIP\":\"127.0.0.1\"}',1,1515054030),
	(61,1,'admin','{\"userAgent\":\"Mozilla\\/5.0 (Macintosh; Intel Mac OS X 10_12_6) AppleWebKit\\/537.36 (KHTML, like Gecko) Chrome\\/63.0.3239.84 Safari\\/537.36\",\"userIP\":\"127.0.0.1\"}',1,1515058403),
	(62,1,'admin','{\"userAgent\":\"Mozilla\\/5.0 (Macintosh; Intel Mac OS X 10_12_6) AppleWebKit\\/537.36 (KHTML, like Gecko) Chrome\\/63.0.3239.132 Safari\\/537.36\",\"userIP\":\"127.0.0.1\"}',1,1516090807);

/*!40000 ALTER TABLE `t_moe_operation_log` ENABLE KEYS */;
UNLOCK TABLES;


# Dump of table t_moe_operation_menu
# ------------------------------------------------------------

DROP TABLE IF EXISTS `t_moe_operation_menu`;

CREATE TABLE `t_moe_operation_menu` (
  `id` int(11) unsigned NOT NULL AUTO_INCREMENT,
  `name` varchar(100) DEFAULT NULL,
  `class` varchar(100) DEFAULT NULL,
  `controller` varchar(100) DEFAULT ' ',
  `action` varchar(100) DEFAULT ' ',
  `pid` int(11) DEFAULT NULL,
  `level` int(11) DEFAULT NULL,
  `status` int(11) DEFAULT NULL,
  PRIMARY KEY (`id`)
) ENGINE=InnoDB DEFAULT CHARSET=utf8;

LOCK TABLES `t_moe_operation_menu` WRITE;
/*!40000 ALTER TABLE `t_moe_operation_menu` DISABLE KEYS */;

INSERT INTO `t_moe_operation_menu` (`id`, `name`, `class`, `controller`, `action`, `pid`, `level`, `status`)
VALUES
	(2,'系统设置','fa fa-gears','configure',' ',0,1,1),
	(6,'权限管理',NULL,'configure','auth',2,2,1),
	(10,'管理员列表',NULL,'configure','adminlist',2,2,1),
	(16,'菜单管理',NULL,'configure','menu',2,2,1),
	(29,'用户组管理',NULL,'configure','usergroup',2,2,1),
	(58,'文章管理','fa fa-paper-plane-o','article','index',0,1,1),
	(59,'分类管理',NULL,'article','category',58,2,1),
	(60,'文章管理','','article','articlelist',58,2,1);

/*!40000 ALTER TABLE `t_moe_operation_menu` ENABLE KEYS */;
UNLOCK TABLES;


# Dump of table t_moe_reply
# ------------------------------------------------------------

DROP TABLE IF EXISTS `t_moe_reply`;

CREATE TABLE `t_moe_reply` (
  `id` int(11) unsigned NOT NULL AUTO_INCREMENT,
  `comment_id` int(11) DEFAULT NULL COMMENT '评论ID,对应commit表自增id',
  `content` text COMMENT '回复内容',
  `like_count` int(11) DEFAULT NULL COMMENT '点赞数',
  `reply_owner_uid` int(11) DEFAULT NULL COMMENT '回复用户uid',
  `reply_target_uid` int(11) DEFAULT NULL COMMENT '回复目标UID',
  `reply_type` int(11) DEFAULT NULL COMMENT '回复类型，1针对评论的恢复，2针对目标 恢复',
  `reply_id` int(11) DEFAULT NULL COMMENT '如果reply_type是comment的话，那么reply_id＝commit_id，如果reply_type是reply的话，这表示这条回复的父回复。',
  PRIMARY KEY (`id`)
) ENGINE=InnoDB DEFAULT CHARSET=utf8;

LOCK TABLES `t_moe_reply` WRITE;
/*!40000 ALTER TABLE `t_moe_reply` DISABLE KEYS */;

INSERT INTO `t_moe_reply` (`id`, `comment_id`, `content`, `like_count`, `reply_owner_uid`, `reply_target_uid`, `reply_type`, `reply_id`)
VALUES
	(1,3,'回复表1',123,1851355,1,1,3),
	(2,4,'回复表2',456,1851355,1,1,4),
	(3,3,'回复表3',789,1851355,1,1,3);

/*!40000 ALTER TABLE `t_moe_reply` ENABLE KEYS */;
UNLOCK TABLES;



/*!40111 SET SQL_NOTES=@OLD_SQL_NOTES */;
/*!40101 SET SQL_MODE=@OLD_SQL_MODE */;
/*!40014 SET FOREIGN_KEY_CHECKS=@OLD_FOREIGN_KEY_CHECKS */;
/*!40101 SET CHARACTER_SET_CLIENT=@OLD_CHARACTER_SET_CLIENT */;
/*!40101 SET CHARACTER_SET_RESULTS=@OLD_CHARACTER_SET_RESULTS */;
/*!40101 SET COLLATION_CONNECTION=@OLD_COLLATION_CONNECTION */;
